'time','x','y','z'
760143,5.1523,7.1635,-4.7692
760194,5.1715,7.1251,-4.6926
760243,5.3247,6.9719,-4.4819
760293,5.2864,6.9911,-4.4819
760343,5.3247,7.0294,-4.5777
760393,5.2864,7.1251,-4.5586
760443,5.4396,7.0868,-4.7501
760493,5.6120,6.9528,-4.5586
760545,5.5545,7.0868,-5.2672
760594,5.9185,6.3973,-3.9073
760645,5.7652,6.6080,-3.1029
760695,5.6695,7.1443,-3.6009
760745,6.5505,7.3358,-4.4628
760795,6.4739,6.7038,-3.8116
760845,6.7421,6.5697,1.0918
760895,7.4124,7.1635,-0.8428
760945,6.0908,8.0062,-1.4557
760995,6.1292,7.2592,1.7238
761045,6.3398,7.7381,0.8428
761095,7.2975,7.1251,0.2107
761145,6.8761,6.4739,-0.3639
761195,7.0102,6.3398,-0.1532
761245,6.9911,6.4931,0.9768
761295,5.8802,5.1906,0.4788
761345,3.9265,5.2481,3.9456
761395,1.7238,8.0254,6.6655
761445,3.2944,4.7501,8.2552
761495,0.1341,6.8570,7.7572
761546,0.9577,4.8076,9.4236
761595,-4.5586,7.5848,7.6423
761645,-3.9648,7.3741,7.1443
761695,-2.7964,5.8802,6.7804
761745,-1.3599,5.4971,6.7612
761794,3.1412,1.2641,9.6534
761845,3.1220,-0.2490,11.1282
761895,1.2833,-0.6704,10.0173
761945,-1.0151,0.9385,10.7835
761995,0.3639,-1.1301,11.3581
762045,0.5555,1.6664,9.4619
762095,0.0383,-1.5514,11.6837
762144,-1.3599,0.3065,9.8641
762193,-1.3599,-2.1069,10.1706
762245,-0.4214,0.4405,10.4196
762295,-0.8045,-0.5555,10.2472
762345,-1.1301,-0.6129,9.7683
762394,-0.7470,-0.0958,9.8641
762444,-1.2067,0.1341,9.7492
762496,-1.3024,0.2107,9.8641
762546,-0.7661,-0.1915,9.8067
762595,-0.8811,0.1149,9.8641
762645,-0.7278,-0.3256,9.5577
762695,-1.0534,0.5938,9.7492
762745,-0.4980,0.2490,10.0748
762794,0.1341,-0.0958,9.1746
762845,-0.0958,-0.6704,9.6917
762895,-0.3639,-0.4980,9.6917
762945,-0.0575,-0.4405,9.6726
762994,-0.4980,0.1724,9.7875
763045,-0.5746,0.2490,9.8258
763095,-0.7661,-0.1724,9.7109
763145,-0.4788,0.1149,9.8258
763194,-0.2873,-0.1341,9.8258
763245,-0.0958,-0.4022,9.7492
763296,-0.1532,-0.3639,9.7300
763344,-0.1532,-0.6895,9.7300
763394,-0.1724,-0.4405,9.8258
763444,0.1149,-0.0958,9.9216
763495,-0.4214,-0.0575,10.1131
763546,-0.0766,0.1724,9.7109
763594,-0.0192,-0.5555,9.9216
763645,-0.1532,-0.3065,9.6534
763695,-0.1915,0.0192,9.7492
763746,0.0192,-0.3448,9.7875
763794,0.2682,-0.0766,9.6151
763845,0.2682,-0.1724,9.7300
763895,0.0958,-0.3256,9.9024
763944,0.1532,-0.2298,9.7875
763994,0.0766,-0.3065,9.8067
764045,0.0958,-0.1724,9.8450
764095,0.1149,-0.2490,9.8067
764145,0.1149,-0.2682,9.7300
764195,0.0766,-0.2682,9.8450
764245,0.1341,-0.1915,9.8641
764295,0.0766,-0.2682,9.7683
764346,0.0383,-0.1532,9.8833
764394,0.0575,-0.2107,9.8258
764445,0.0766,-0.1532,9.7875
764495,0.0383,-0.1149,9.6917
764546,-0.1149,-0.1915,9.8833
764594,0.0192,-0.1532,9.8450
764645,0.0000,-0.2107,9.7875
764695,-0.0575,-0.1341,9.8258
764745,-0.0575,-0.2682,9.7492
764794,-0.0766,-0.2490,9.8258
764845,-0.0958,-0.2298,9.7683
764895,-0.0383,-0.1915,9.8067
764946,-0.0766,-0.2682,9.7109
764995,-0.1341,-0.1915,9.8258
765045,-0.1341,-0.2490,9.7683
765095,-0.1532,-0.2490,9.8833
765145,-0.0766,-0.1915,9.7875
765194,-0.2107,-0.1915,9.7683
765245,-0.2873,-0.2298,9.9407
765295,-0.1532,-0.1724,9.7875
765346,-0.1532,-0.2682,9.7492
765394,-0.1532,-0.1724,9.7492
765444,-0.1341,-0.1724,9.6917
765494,-0.1532,-0.2107,9.7875
765545,-0.2107,-0.1724,9.7875
765594,-0.1149,-0.1915,9.7109
765645,-0.2107,-0.2107,9.7683
765695,-0.1532,-0.1532,9.8258
765746,-0.1915,-0.1915,9.7875
765794,-0.1532,-0.1341,9.9216
765845,-0.1341,-0.2682,9.7300
765895,-0.1915,-0.1341,9.8258
765946,-0.0383,-0.1724,9.7492
765994,-0.0958,-0.1915,9.8067
766045,-0.0575,-0.1915,9.7875
766095,-0.0958,-0.1341,9.7875
766145,-0.0383,-0.1724,9.7109
766194,-0.0766,-0.1724,9.8833
766245,-0.0383,-0.1915,9.8258
766295,-0.0192,-0.1341,9.7875
766345,-0.0383,-0.2107,9.7683
766394,0.0383,-0.1341,9.6726
766445,0.0000,-0.2107,9.8067
766496,0.0383,-0.2107,9.7683
766546,0.0383,-0.1915,9.7875
766594,0.1341,-0.1915,9.6917
766645,-0.0383,-0.1915,9.9599
766694,0.0383,-0.1532,9.9216
766745,0.1149,-0.1724,9.7109
766794,0.0575,-0.1341,9.8641
766845,0.0766,-0.1532,9.7683
766894,0.1149,-0.0958,9.7683
766946,0.0575,-0.1915,9.8258
766994,0.1149,-0.0958,9.8641
767045,0.1341,-0.1724,9.7300
767095,0.1149,-0.1149,9.8067
767145,0.1149,-0.1341,9.8067
767194,0.1149,-0.1149,9.8258
767243,0.1149,-0.1341,9.8258
767294,0.1341,-0.0958,9.8258
767346,0.1532,-0.1341,9.7875
767393,0.1341,-0.1149,9.8450
767444,0.1532,-0.1149,9.8258
767493,0.1341,-0.0766,9.8258
767544,0.1724,-0.1341,9.7492
767593,0.1341,-0.1341,9.8258
767643,0.1724,-0.1149,10.1323
767693,0.2107,-0.1724,9.6151
767743,0.0958,-0.1532,9.9216
767795,0.0575,-0.2107,9.9599
767843,0.1724,-0.1532,9.7875
767896,0.1724,-0.1532,9.8067
767943,0.1149,-0.1341,9.8067
767993,0.1915,-0.1724,9.8067
768043,0.1341,-0.1915,9.7683
768093,0.1341,-0.1724,9.8833
768144,0.1532,-0.2107,9.7875
768194,0.1532,-0.1915,9.7683
768245,0.1532,-0.2298,9.8067
768295,0.1532,-0.1724,9.8258
768346,0.1532,-0.2298,9.8067
768395,0.1532,-0.2107,9.8258
768445,0.1724,-0.1915,9.8258
768493,0.1532,-0.2682,9.7683
768544,0.1341,-0.1532,9.8641
768593,0.1149,-0.2490,9.7300
768644,0.1724,-0.1149,10.0365
768694,0.2107,-0.2298,9.7109
768745,0.0575,-0.2490,9.9024
768795,0.0958,-0.1915,9.8833
768845,0.1915,-0.2298,9.7875
768895,0.1532,-0.2107,9.8258
768945,0.1341,-0.1915,9.8067
768996,0.1341,-0.1915,9.7683
769045,0.1149,-0.2298,9.8258
769095,0.1724,-0.1532,9.8450
769145,0.2107,-0.1724,9.7875
769196,0.1341,-0.2107,9.8258
769245,0.1532,-0.1341,9.7875
769295,0.1341,-0.2298,9.8641
769345,0.1341,-0.1724,9.8258
769396,0.1341,-0.1724,9.8258
769445,0.1532,-0.1915,9.7683
769495,0.1341,-0.1724,9.8641
769545,0.1149,-0.2298,9.7492
769595,0.1532,-0.1532,9.7492
769645,0.1341,-0.2873,9.7492
769695,0.0000,-0.2107,9.8258
769745,0.1341,-0.1915,9.9216
769795,0.1149,-0.2107,9.8067
769845,0.0958,-0.1149,9.8067
769895,0.0958,-0.1532,9.8450
769945,0.0958,-0.1532,9.7875
769996,0.0383,-0.2107,9.8833
770045,0.1532,-0.1149,9.8258
770095,0.1341,-0.1532,9.7683
770145,0.0958,-0.1724,9.7683
770196,0.0766,-0.1341,9.8450
770245,0.0575,-0.1532,9.8258
770295,0.0958,-0.1532,9.7683
770345,0.0766,-0.1724,9.8067
770396,0.0575,-0.1532,9.8833
770445,0.0958,-0.1341,9.8833
770495,0.0575,-0.1915,9.7300
770545,-0.0192,-0.1724,9.8067
770594,0.0383,-0.1341,9.8833
770645,0.0575,-0.1915,9.8258
770694,0.0383,-0.1341,9.8067
770745,0.0192,-0.1532,9.8067
770795,0.0383,-0.1149,9.8450
770845,-0.0575,-0.1532,9.9790
770895,0.0575,-0.1532,9.7683
770945,0.0383,-0.1724,9.7492
770994,0.0575,-0.1724,9.7875
771045,0.0192,-0.1532,9.8450
771094,0.0575,-0.1915,9.7492
771145,-0.0192,-0.1532,9.8450
771196,0.0575,-0.1915,9.7875
771245,0.0958,-0.1532,9.8450
771295,0.0192,-0.0958,9.8258
771345,-0.0383,-0.2298,9.8450
771396,0.0766,-0.0958,9.8450
771444,0.0766,-0.1915,9.7683
771495,0.0766,-0.1341,9.7875
771545,0.0192,-0.1532,9.7875
771594,0.0958,-0.1341,9.7875
771645,0.0383,-0.1532,9.8450
771693,0.0766,-0.1341,9.8641
771745,0.0575,-0.1341,9.7109
771795,0.0383,-0.1532,9.8833
771845,0.0766,-0.1341,9.8258
771895,0.0766,-0.1149,9.8450
771945,0.0575,-0.1724,9.7683
771996,0.1149,-0.0766,10.0556
772045,0.0766,-0.1532,9.7683
772095,0.0575,-0.1149,9.8258
772145,0.0766,-0.0958,9.8833
772195,0.1532,-0.0766,9.7683
772253,0.0766,-0.1149,9.8450
772303,0.0766,-0.1149,9.7875
772353,0.1341,-0.1341,9.8258
772405,0.0766,-0.1341,9.8258
772455,0.0958,-0.1532,9.9024
772506,0.1341,-0.1149,9.7683
772554,0.1341,-0.1149,9.8450
772605,0.1149,-0.1341,9.8258
772655,0.1532,-0.0958,9.8067
772705,0.1341,-0.1341,9.8258
772754,0.1532,-0.0958,9.8258
772805,0.1532,-0.1532,9.8067
772855,0.1532,-0.1149,9.8258
772905,0.1532,-0.1341,9.9790
772954,0.1724,-0.1532,9.8067
773005,0.1915,-0.0958,9.8450
773055,0.0575,-0.1915,9.8833
773106,0.1915,-0.0958,9.8067
773154,0.1532,-0.1724,9.8258
773205,0.1532,-0.1341,9.8450
773255,0.1532,-0.1724,9.8067
773306,0.1724,-0.1149,9.7683
773355,0.1341,-0.1915,9.8833
773405,0.1915,-0.1149,9.7683
773455,0.1915,-0.1724,9.7492
773506,0.1724,-0.1532,9.8258
773554,0.1532,-0.1724,9.8258
773605,0.1532,-0.1341,9.8067
773655,0.1915,-0.1724,9.8067
773706,0.1532,-0.1724,9.8067
773755,0.1724,-0.1532,9.8258
773805,0.1724,-0.1724,9.8067
773855,0.1532,-0.1149,9.8833
773905,0.1724,-0.2107,9.7683
773955,0.1915,-0.1149,9.9599
774005,0.2682,-0.0958,9.7683
774054,0.0958,-0.1532,9.8641
774106,0.1724,-0.1149,9.8258
774154,0.2298,-0.1341,9.7683
774204,0.1532,-0.1532,9.8450
774255,0.1532,-0.1724,9.8067
774306,0.1915,-0.1149,9.8258
774355,0.1532,-0.1915,9.8258
774406,0.1724,-0.1341,9.8641
774455,0.1915,-0.1724,9.7683
774505,0.1724,-0.1915,9.7875
774554,0.1915,-0.1341,9.7875
774605,0.1724,-0.1724,9.7875
774655,0.1724,-0.1532,9.8258
774706,0.1915,-0.1724,9.8067
774755,0.1915,-0.1341,9.8258
774805,0.2107,-0.1915,9.7492
774855,0.1724,-0.1724,9.7875
774905,0.1532,-0.2298,9.7492
774955,0.2298,-0.1915,9.7109
775005,0.2107,-0.1724,9.7683
775055,0.1149,-0.2107,9.8641
775106,0.2107,-0.1915,9.8641
775154,0.1915,-0.2107,9.8258
775205,0.1341,-0.1341,9.8641
775255,0.1532,-0.1915,9.8450
775306,0.1532,-0.1149,9.8450
775355,0.1341,-0.2107,9.8450
775405,0.2107,-0.0958,9.8258
775455,0.1724,-0.1724,9.7492
775506,0.1532,-0.1532,9.7875
775554,0.1532,-0.1532,9.8258
775605,0.1532,-0.1915,9.8641
775655,0.1341,-0.1341,9.8067
775708,0.1149,-0.1915,9.8450
775755,0.0958,-0.1532,9.8067
775805,0.1341,-0.1724,9.7683
775855,0.1341,-0.1341,9.8641
775905,0.0766,-0.1149,9.7875
775954,0.0766,-0.1724,9.9024
776005,0.1149,-0.1724,9.8067
776055,0.0383,-0.1724,9.8067
776104,0.0383,-0.1532,9.8258
776155,0.0383,-0.1724,9.7875
776205,0.0192,-0.1724,9.7875
776255,0.0192,-0.1915,9.8258
776306,0.0575,-0.1532,9.7875
776355,0.0192,-0.2107,9.7683
776405,0.0192,-0.1532,9.8258
776455,0.0000,-0.1915,9.8258
776504,0.0000,-0.1724,9.8067
776553,0.0000,-0.1915,9.7875
776603,0.0000,-0.1915,9.8258
776654,0.0192,-0.1532,9.9216
776705,0.0192,-0.2107,9.7109
776754,-0.0575,-0.1532,9.8450
776804,0.0000,-0.2107,9.7875
776855,0.0000,-0.1724,9.8450
776907,0.0000,-0.1532,9.8067
776954,-0.0192,-0.1724,9.7683
777004,0.0000,-0.1532,9.7109
777055,0.0000,-0.2107,9.8833
777105,0.0766,-0.1724,9.7492
777154,0.0192,-0.1915,9.7683
777205,0.0000,-0.2298,9.7300
777255,0.0000,-0.1532,9.8258
777305,-0.0192,-0.2107,9.7875
777354,-0.0383,-0.1532,9.8833
777404,0.0192,-0.1724,9.7300
777454,0.0192,-0.1532,10.0173
777505,0.0192,-0.1149,9.7683
777556,-0.0958,-0.1915,9.9024
777605,0.0192,-0.1341,9.8258
777655,0.0383,-0.1724,9.7492
777704,0.0000,-0.1341,9.8067
777755,-0.0383,-0.1724,9.8641
777804,0.0000,-0.1532,9.7683
777855,0.0000,-0.1915,9.7683
777905,0.0000,-0.1532,9.9024
777953,0.0192,-0.1724,9.7300
778005,0.0000,-0.1341,9.8450
778054,0.0383,-0.1724,9.8258
778106,0.0192,-0.1532,9.8258
778154,0.0383,-0.1532,9.8258
778205,0.0192,-0.1532,9.8450
778255,0.0383,-0.1915,9.7109
778306,0.0766,-0.1532,9.9982
778353,0.1724,-0.1341,9.6151
778405,0.0575,-0.0958,9.8258
778455,0.0192,-0.2107,9.9216
778506,0.0766,-0.1149,9.8450
778554,0.0958,-0.1724,9.8258
778605,0.1149,-0.1341,9.7683
778655,0.1149,-0.1724,9.7875
778705,0.0958,-0.1724,9.7875
778755,0.0958,-0.1915,9.8641
778805,0.1532,-0.1149,9.7875
778855,0.1532,-0.1915,9.8067
778905,0.1532,-0.1724,9.8450
778956,0.1532,-0.1532,9.8258
779005,0.1341,-0.1341,9.8450
779055,0.1532,-0.1915,9.8258
779105,0.1724,-0.1915,9.8258
779156,0.1724,-0.1724,9.8067
779205,0.1532,-0.1915,9.8641
779255,0.1532,-0.1915,9.8067
779306,0.1724,-0.1532,10.0365
779354,0.1915,-0.2107,9.7109
779405,0.1724,-0.1149,9.8833
779456,0.1149,-0.1532,9.9024
779506,0.2298,-0.1532,9.7875
779554,0.1724,-0.1532,9.8258
779605,0.1724,-0.1724,9.8450
779655,0.1724,-0.1724,9.8067
779706,0.1341,-0.1724,9.8258
779753,0.1724,-0.1724,9.8641
779804,0.2107,-0.1341,9.7875
779855,0.1724,-0.1915,9.7875
779906,0.1724,-0.1532,9.8067
779955,0.1724,-0.1532,9.8258
780005,0.1724,-0.1724,9.8067
780055,0.1915,-0.1915,9.8258
780106,0.1915,-0.1915,9.8258
780155,0.1724,-0.1915,9.7683
780205,0.1532,-0.1724,9.8833
780255,0.1532,-0.1915,9.7492
780306,0.2107,-0.2107,9.7109
780355,0.2490,-0.1341,9.7300
780404,0.0766,-0.2873,9.8641
780455,0.2107,-0.1532,9.8258
780506,0.1915,-0.2298,9.8450
780554,0.1724,-0.1341,9.8641
780605,0.1341,-0.1915,9.8258
780655,0.1915,-0.1724,9.7683
780706,0.1532,-0.2490,9.8833
780754,0.2298,-0.1532,9.8450
780805,0.1724,-0.2107,9.7683
780855,0.1532,-0.1915,9.8258
780905,0.1532,-0.1915,9.8067
780955,0.1915,-0.2107,9.7875
781005,0.1532,-0.1724,9.8450
781055,0.1724,-0.2107,9.7875
781106,0.1149,-0.2107,9.8258
781155,0.1341,-0.2298,9.7875
781205,0.1532,-0.1532,9.9024
781255,0.1341,-0.2298,9.7109
781306,0.0383,-0.1724,9.8258
781355,0.1149,-0.1724,9.8450
781405,0.1149,-0.2298,9.8067
781455,0.0766,-0.1724,9.8258
781506,0.0192,-0.2298,9.9216
781554,0.0383,-0.1724,9.7300
781605,0.0000,-0.2107,9.8641
781655,0.0383,-0.1915,9.8258
781706,0.0575,-0.1724,9.7875
781755,0.0383,-0.1724,9.7875
781805,0.0192,-0.1341,9.7875
781855,0.0192,-0.1724,9.8067
781906,0.0192,-0.1724,9.7683
781955,-0.0192,-0.1724,9.7875
782005,-0.0192,-0.1915,9.7683
782055,0.0192,-0.1724,9.9024
782106,-0.0383,-0.1915,9.7300
782155,-0.0958,-0.1532,9.8067
782205,0.0000,-0.1724,9.8450
782255,-0.0192,-0.2107,9.8067
782305,-0.0575,-0.1915,9.8450
782355,-0.0383,-0.1724,9.9024
782403,-0.0192,-0.1149,9.6726
782454,-0.0575,-0.1532,9.8450
782506,0.0192,-0.1341,9.7683
782554,-0.0192,-0.1915,9.7683
782605,-0.0192,-0.1341,9.7683
782655,0.0000,-0.1149,9.8258
782706,0.0192,-0.1915,9.7109
782754,0.0192,-0.1532,9.8258
782805,-0.0192,-0.1532,9.7683
782855,0.0383,-0.1532,9.7683
782905,0.0000,-0.1724,9.7683
782955,0.0000,-0.1915,9.8258
783005,0.0575,-0.1532,9.8258
783055,0.0575,-0.1724,9.8067
783106,0.0383,-0.0958,9.7875
783155,0.0000,-0.1532,9.8258
783205,0.0958,-0.1149,9.8067
783255,0.0766,-0.1532,9.8258
783306,0.1149,-0.1149,9.8258
783355,0.0766,-0.1341,9.7875
783405,0.0766,-0.0958,9.8450
783455,0.0958,-0.1724,9.8067
783506,0.0958,-0.1341,9.7492
783554,0.0766,-0.1341,9.7492
783605,0.0766,-0.1341,9.7109
783655,0.1149,-0.1532,9.7683
783706,0.0575,-0.1149,9.8258
783753,0.0383,-0.2107,9.8450
783805,0.1532,-0.0766,9.7683
783855,0.1341,-0.1532,9.7875
783906,0.0958,-0.0958,9.8258
783955,0.1341,-0.0958,9.7683
784005,0.1724,-0.0958,9.7492
784055,0.1149,-0.1149,9.8641
784106,0.1532,-0.0575,9.8641
784155,0.1341,-0.0958,9.7300
784205,0.1341,-0.0958,9.8067
784255,0.1341,-0.0958,9.8067
784306,0.1532,-0.0958,9.7875
784355,0.1532,-0.0766,9.7875
784405,0.1724,-0.0766,9.8258
784455,0.1532,-0.0958,9.8067
784505,0.1915,-0.0958,9.8067
784554,0.1915,-0.1341,9.7300
784605,0.2107,-0.0766,9.9216
784655,0.2873,-0.1341,9.5577
784706,0.1724,-0.1149,9.8641
784755,0.1149,-0.1724,9.9407
784805,0.2490,-0.1341,9.7492
784855,0.1915,-0.1915,9.8450
784905,0.1915,-0.1341,9.7492
784955,0.1915,-0.1915,9.8258
785005,0.1724,-0.1724,9.8067
785055,0.1915,-0.1532,9.8450
785106,0.2298,-0.1532,9.7875
785155,0.1915,-0.1915,9.8067
785205,0.2298,-0.1532,9.8450
785255,0.1915,-0.1915,9.8067
785306,0.2298,-0.1532,9.7875
785355,0.1915,-0.1532,9.8067
785405,0.2298,-0.1724,9.8067
785455,0.2107,-0.1915,9.7683
785506,0.2107,-0.1532,9.7683
785554,0.2107,-0.2298,9.7492
785605,0.2298,-0.1724,9.7300
785655,0.2873,-0.1532,9.6534
785706,0.1341,-0.2490,9.8641
785754,0.2873,-0.1149,9.7492
785805,0.2682,-0.1915,9.7875
785855,0.2107,-0.1341,9.8450
785906,0.1915,-0.1532,9.7875
785958,0.2298,-0.1532,9.7683
786005,0.2107,-0.1532,9.8641
786055,0.2490,-0.1341,9.8641
786106,0.2298,-0.1341,9.7492
786155,0.1915,-0.1532,9.8067
786205,0.1915,-0.1532,9.8067
786255,0.2107,-0.1341,9.7875
786306,0.1915,-0.1532,9.8258
786355,0.1724,-0.1341,9.7875
786405,0.1724,-0.1532,9.7875
786455,0.1724,-0.1532,9.8067
786506,0.1341,-0.1915,9.7300
786554,0.1724,-0.1532,9.6917
786605,0.0766,-0.1341,9.8641
786655,0.0766,-0.1915,9.8258
786706,0.1724,-0.1532,9.8067
786754,0.1341,-0.1724,9.7683
786805,0.1149,-0.1149,9.7875
786854,0.1149,-0.1149,9.7492
786905,0.0766,-0.1532,9.8450
786955,0.1341,-0.1149,9.8067
787005,0.1341,-0.0958,9.8067
787055,0.0958,-0.1724,9.7683
787106,0.0958,-0.1149,9.8067
787155,0.0766,-0.1532,9.8450
787205,0.0958,-0.1341,9.7875
787255,0.1149,-0.1532,9.7683
787306,0.0766,-0.1341,9.8067
787355,0.0766,-0.1532,9.8067
787403,0.1149,-0.1341,9.8067
787453,0.0383,-0.1341,9.7875
787506,0.0192,-0.1532,9.8450
787553,0.0958,-0.1724,9.7875
787603,0.1149,-0.1724,9.7875
787653,0.0766,-0.1341,9.7875
787708,0.0958,-0.1915,9.6917
787754,0.1341,-0.1149,9.7300
787806,0.1341,-0.1341,9.8641
787856,0.1724,-0.1341,9.8258
787906,0.0958,-0.1341,9.7683
787955,0.1532,-0.0958,9.7875
788005,0.1341,-0.1341,9.8258
788055,0.1532,-0.1341,9.7875
788106,0.1341,-0.1341,9.8067
788155,0.1532,-0.1532,9.7875
788205,0.1724,-0.1149,9.7492
788255,0.2107,-0.1532,9.7109
788305,0.0766,-0.1532,9.8258
788355,0.0958,-0.1149,9.8641
788405,0.2107,-0.1341,9.8067
788455,0.1532,-0.1149,9.8258
788506,0.1341,-0.1149,9.8067
788554,0.1724,-0.0958,9.7492
788605,0.1915,-0.0958,9.7875
788655,0.1915,-0.0958,9.8450
788705,0.2107,-0.0958,9.8258
788754,0.1532,-0.1532,9.7492
788805,0.1915,-0.1149,9.8450
788855,0.1915,-0.1341,9.8450
788904,0.1724,-0.1341,9.8067
788955,0.1915,-0.1341,9.7683
789005,0.1724,-0.1149,9.8067
789055,0.1915,-0.1532,9.7109
789106,0.2107,-0.1532,9.8450
789154,0.1915,-0.1149,9.7875
789205,0.0766,-0.2682,9.8641
789255,0.1532,-0.1724,9.8258
789306,0.1915,-0.2298,9.7683
789354,0.1724,-0.2107,9.8067
789405,0.1532,-0.2298,9.7875
789455,0.2107,-0.1915,9.7875
789506,0.1149,-0.2873,9.8450
789554,0.1532,-0.1915,9.8833
789605,0.1915,-0.2298,9.7492
789655,0.1724,-0.2490,9.7875
789706,0.1724,-0.2107,9.8067
789754,0.1724,-0.2107,9.8067
789804,0.1724,-0.2490,9.8067
789855,0.1532,-0.2298,9.8067
789906,0.1915,-0.2682,9.7683
789954,0.1724,-0.2298,9.7683
790005,0.1724,-0.1915,9.9216
790055,0.1915,-0.2490,9.7683
790106,0.1724,-0.1724,9.8258
790155,0.0958,-0.2873,9.8450
790205,0.2107,-0.1915,9.7683
790255,0.1532,-0.2490,9.8258
790306,0.1724,-0.2107,9.8258
790354,0.1532,-0.2490,9.7683
790405,0.1915,-0.2107,9.7683
790455,0.1724,-0.2298,9.8450
790506,0.1915,-0.1915,9.8450
790554,0.1724,-0.2490,9.7492
790605,0.1915,-0.2298,9.8258
790655,0.1915,-0.2107,9.7875
790706,0.1915,-0.2490,9.7875
790754,0.1724,-0.2298,9.8067
790805,0.1915,-0.2298,9.8067
790855,0.1724,-0.2298,9.8067
790905,0.1724,-0.2107,9.7875
790955,0.1724,-0.1915,9.8067
791005,0.1915,-0.2107,9.8450
791055,0.1915,-0.1341,9.8258
791106,0.1341,-0.2682,9.9216
791155,0.2298,-0.1724,9.7683
791205,0.1915,-0.2298,9.8258
791255,0.1915,-0.2107,9.7875
791305,0.1724,-0.2490,9.7875
791355,0.2107,-0.1724,9.7683
791405,0.1724,-0.2682,9.8258
791455,0.2107,-0.1724,9.8450
791506,0.1915,-0.2490,9.7492
791554,0.1724,-0.1915,9.7683
791605,0.1724,-0.2107,9.7875
791655,0.1724,-0.2298,9.7875
791706,0.1724,-0.1724,9.7875
791754,0.1915,-0.1915,9.7492
791805,0.1341,-0.2107,9.8067
791855,0.1532,-0.2298,9.8067
791906,0.1915,-0.1724,9.8450
791955,0.0958,-0.1532,9.7875
792005,0.0575,-0.2490,9.8450
792055,0.1532,-0.1915,9.8067
792106,0.1149,-0.2682,9.8067
792155,0.1149,-0.1915,9.7683
792205,0.0575,-0.2298,9.8450
792255,0.0766,-0.1532,9.7492
792306,0.0766,-0.1915,9.8450
792355,0.1341,-0.1724,9.7875
792405,0.0766,-0.2298,9.7683
792455,0.0766,-0.2107,9.7683
792506,0.0575,-0.1724,9.8258
792554,0.0958,-0.1724,9.8258
792605,0.0766,-0.1915,9.7683
792655,0.0383,-0.1724,9.8258
792706,0.0383,-0.1532,9.7683
792754,0.0958,-0.2107,9.6151
792806,0.0383,-0.1341,9.8258
792855,0.0383,-0.1532,9.8641
792906,0.0575,-0.2298,9.8067
792955,0.0958,-0.2298,9.8258
793005,0.0766,-0.1724,9.7492
793055,0.0575,-0.2107,9.8833
793106,0.0766,-0.1915,9.8641
793155,0.1341,-0.1915,9.6917
793204,0.1341,-0.1915,9.8067
793255,0.0958,-0.2107,9.7300
793306,0.1149,-0.1341,9.7875
793355,0.0958,-0.2107,9.7683
793405,0.1149,-0.1724,9.7875
793455,0.1149,-0.2107,9.7875
793506,0.1532,-0.1724,9.7492
793554,0.1149,-0.2107,9.7109
793605,0.0766,-0.2107,9.8450
793655,0.1532,-0.1915,9.8450
793706,0.1341,-0.2107,9.8258
793754,0.1341,-0.1532,9.7875
793805,0.1341,-0.1532,9.7492
793855,0.1915,-0.1149,9.8258
793906,0.1724,-0.1915,9.8258
793955,0.2107,-0.0958,9.8258
794005,0.1532,-0.1724,9.7492
794055,0.1724,-0.1724,9.7875
794106,0.2107,-0.1341,9.7875
794155,0.1915,-0.1724,9.7683
794205,0.1724,-0.1532,9.7683
794255,0.1915,-0.1341,9.9024
794306,0.2298,-0.1724,9.6917
794355,0.0958,-0.1532,9.8641
794405,0.1341,-0.1915,9.8833
794455,0.2298,-0.0958,9.7875
794506,0.2107,-0.1149,9.8067
794554,0.1532,-0.1149,9.8067
794605,0.2298,-0.0958,9.7683
794655,0.1915,-0.1149,9.7875
794706,0.1915,-0.1149,9.8641
794754,0.2298,-0.0575,9.8450
794805,0.1915,-0.1341,9.7492
794855,0.2298,-0.1341,9.8067
794905,0.2107,-0.1724,9.8258
794955,0.2107,-0.1341,9.7875
795005,0.1915,-0.1724,9.8067
795055,0.2298,-0.1724,9.7683
795106,0.2490,-0.1341,9.7683
795155,0.2107,-0.2107,9.7300
795205,0.2490,-0.2107,9.7875
795255,0.3065,-0.1532,9.5960
795306,0.1149,-0.2873,9.8833
795355,0.1341,-0.2107,9.9407
795405,0.2490,-0.1915,9.7875
795455,0.2298,-0.1915,9.8067
795506,0.1915,-0.1915,9.7683
795554,0.2298,-0.1724,9.7492
795605,0.1724,-0.2298,9.7875
795655,0.2298,-0.1532,9.8641
795706,0.2298,-0.2107,9.7492
795755,0.2107,-0.1915,9.7875
795805,0.2107,-0.2107,9.8067
795855,0.2107,-0.1915,9.8067
795906,0.2107,-0.2107,9.8067
795955,0.2298,-0.2107,9.8067
796005,0.2107,-0.1915,9.7875
796055,0.2107,-0.1724,9.8641
796106,0.2107,-0.2298,9.7683
796155,0.2298,-0.1341,9.9790
796205,0.2490,-0.2682,9.6726
796255,0.1341,-0.2298,9.8450
796306,0.2298,-0.1341,9.7875
796355,0.2873,-0.1915,9.7683
796405,0.2298,-0.2107,9.8067
796455,0.1915,-0.1724,9.8258
796506,0.2298,-0.1915,9.7875
796554,0.2107,-0.2298,9.8067
796604,0.2298,-0.1532,9.8450
796655,0.2298,-0.2107,9.7492
796706,0.1915,-0.2298,9.7683
796754,0.2490,-0.1532,9.8258
796805,0.2107,-0.2107,9.8258
796855,0.2298,-0.1915,9.7875
796907,0.2298,-0.1532,9.8258
796954,0.2107,-0.2298,9.7683
797007,0.2107,-0.1724,9.7875
797054,0.2107,-0.2298,9.7683
797106,0.2490,-0.1724,9.7875
797155,0.1532,-0.1341,9.8450
797205,0.1149,-0.2682,9.8258
797255,0.2490,-0.1915,9.7875
797305,0.2107,-0.2107,9.7875
797355,0.1724,-0.1724,9.8258
797404,0.1915,-0.1915,9.7109
797454,0.1915,-0.1532,9.8258
797505,0.1724,-0.1724,9.8450
797554,0.2107,-0.1149,9.7875
797605,0.1724,-0.2107,9.7492
797656,0.1724,-0.1341,9.7875
797705,0.1532,-0.1341,9.7875
797754,0.1724,-0.1724,9.8067
797804,0.1532,-0.1724,9.7875
797855,0.1532,-0.1724,9.7875
797905,0.1341,-0.1724,9.8258
797955,0.1724,-0.1532,9.8258
798005,0.0575,-0.1341,9.8067
798055,0.0575,-0.1915,9.8258
798106,0.1341,-0.1724,9.8450
798155,0.1149,-0.2107,9.8258
798205,0.0766,-0.1341,9.8258
798255,0.0958,-0.1341,9.7300
798306,0.0766,-0.1149,9.7875
798355,0.1149,-0.1532,9.7875
798404,0.1341,-0.1149,9.7875
798454,0.0575,-0.1915,9.7492
798506,0.0575,-0.1341,9.7683
798554,0.0575,-0.1532,9.8067
798605,0.0958,-0.1724,9.7683
798655,0.0958,-0.1532,9.8067
798706,0.0383,-0.1532,9.8258
798754,0.1149,-0.1341,9.7683
798804,0.0383,-0.1532,9.7683
798855,0.0766,-0.1532,9.8641
798906,0.0958,-0.1915,9.7683
798954,0.0766,-0.1724,9.8258
799005,0.0575,-0.1341,9.8258
799055,0.0575,-0.1915,9.8067
799106,0.0192,-0.1915,9.8450
799155,0.1149,-0.1724,9.7875
799205,0.0766,-0.1341,9.8067
799255,0.0766,-0.2107,9.7492
799306,0.1149,-0.0766,9.7683
799355,0.1149,-0.1532,9.8067
799405,0.1149,-0.1532,9.8450
799455,0.1149,-0.1341,9.7109
799506,0.1341,-0.1341,9.8833
799554,0.1149,-0.1341,9.7492
799605,0.0575,-0.1724,9.8641
799655,0.1724,-0.1341,9.7492
799706,0.1532,-0.1149,9.8067
799754,0.1341,-0.1149,9.8450
799804,0.1149,-0.1532,9.8641
799855,0.1915,-0.0958,9.7300
799906,0.1532,-0.1915,9.8258
799955,0.2490,-0.1149,9.8258
800005,0.2107,-0.1341,9.7300
800055,0.2298,-0.1149,9.8258
800106,0.2107,-0.1149,9.8258
800155,0.2107,-0.1532,9.8067
800205,0.2298,-0.1341,9.8258
800255,0.2490,-0.1532,9.7683
800306,0.2298,-0.1341,9.7875
800355,0.2490,-0.1724,9.7109
800405,0.2490,-0.1724,9.8067
800455,0.3256,-0.1149,9.5960
800506,0.1532,-0.2298,9.8833
800554,0.2873,-0.0766,9.7492
800605,0.2682,-0.1532,9.7492
800655,0.2490,-0.1532,9.8067
800706,0.2107,-0.1341,9.7875
800754,0.2682,-0.1149,9.7683
800804,0.2107,-0.1532,9.8067
800855,0.2490,-0.1149,9.8450
800905,0.2490,-0.1724,9.7492
800955,0.2490,-0.1532,9.7875
801005,0.2298,-0.1532,9.8067
801055,0.2298,-0.1341,9.7875
801106,0.2298,-0.1724,9.8067
801155,0.2490,-0.1341,9.8067
801205,0.2298,-0.1532,9.8067
801255,0.2682,-0.1724,9.7492
801306,0.2298,-0.1341,9.8450
801355,0.2298,-0.1915,9.7109
801405,0.2682,-0.1724,9.6917
801455,0.3256,-0.0958,9.6534
801505,0.1724,-0.2298,9.8833
801554,0.1915,-0.1149,9.8641
801605,0.2682,-0.1724,9.7875
801655,0.2298,-0.1532,9.8067
801704,0.2298,-0.1341,9.7683
801756,0.2298,-0.1341,9.7492
801804,0.2298,-0.1724,9.8258
801855,0.2682,-0.0958,9.8450
801905,0.2682,-0.1149,9.7492
801955,0.2298,-0.1341,9.8067
802005,0.2298,-0.1532,9.8067
802055,0.2490,-0.1341,9.8067
802106,0.2298,-0.1341,9.7875
802154,0.2490,-0.1341,9.8258
802205,0.2298,-0.1532,9.7683
802255,0.2490,-0.1532,9.7875
802306,0.2298,-0.1915,9.7300
802355,0.2490,-0.1724,9.7492
802405,0.3256,-0.1341,9.6534
802455,0.1532,-0.2298,9.8641
802505,0.2298,-0.1149,9.8641
802555,0.2682,-0.1724,9.7683
802605,0.2107,-0.1149,9.9024
802655,0.2298,-0.1149,9.7875
802706,0.2298,-0.1149,9.7683
802758,0.1915,-0.1532,9.8450
802805,0.2682,-0.0958,9.8258
802855,0.2298,-0.1341,9.7683
802906,0.2107,-0.1341,9.7875
802955,0.2107,-0.1341,9.8067
803005,0.2107,-0.1341,9.8067
803055,0.1915,-0.1341,9.8258
803106,0.1915,-0.1341,9.7492
803155,0.1915,-0.1149,9.8258
803205,0.1724,-0.1532,9.7683
803255,0.1915,-0.1149,9.8450
803306,0.1724,-0.1341,9.7109
803355,0.0958,-0.1149,9.8067
803405,0.1915,-0.1149,9.8833
803455,0.1532,-0.1724,9.7875
803506,0.1341,-0.1341,9.8258
803555,0.0958,-0.1724,9.8833
803605,0.1149,-0.0958,9.7109
803655,0.0575,-0.1724,9.8450
803706,0.1341,-0.0958,9.8258
803754,0.0958,-0.1532,9.7683
803804,0.0575,-0.1341,9.8067
803855,0.0958,-0.0958,9.7492
803905,0.0383,-0.1341,9.8067
803955,0.0575,-0.1341,9.7875
804005,0.0383,-0.1341,9.7683
804055,0.0766,-0.1149,9.7300
804106,0.0958,-0.1149,9.8833
804155,0.0192,-0.1149,9.7492
804205,-0.0575,-0.1532,9.845
804255,0.0575,-0.1341,9.7875
804306,0.0192,-0.1532,9.7875
804355,0.0383,-0.1341,9.8067
804405,-0.0192,-0.1532,9.825
804455,0.0192,-0.1149,9.7492
804506,0.0000,-0.1724,9.7875
804555,0.0192,-0.1532,9.8258
804605,-0.0192,-0.1724,9.768
804655,0.0000,-0.0958,9.7683
804706,0.0000,-0.1341,9.7683
804755,0.0000,-0.1341,9.8258
804805,0.0192,-0.1532,9.8258
804855,0.0192,-0.1341,9.8450
804904,-0.0383,-0.1532,9.710
804955,-0.0383,-0.1341,9.845
805005,0.0192,-0.1532,9.8450
805055,0.0000,-0.1724,9.8450
805106,-0.0192,-0.0958,9.806
805155,-0.0383,-0.1724,9.864
805205,0.0575,-0.1532,9.6534
805256,0.0000,-0.1724,9.7875
805304,0.0383,-0.1341,9.7683
805355,0.0192,-0.2107,9.7492
805405,0.0575,-0.1341,9.7492
805455,0.0383,-0.0958,9.8067
805506,0.0000,-0.1341,9.8450
805555,0.0383,-0.1341,9.7875
805605,0.0575,-0.1532,9.7875
805655,0.0766,-0.1532,9.7109
805705,0.0000,-0.1532,9.8258
805756,0.0958,-0.1341,9.7683
805805,0.0766,-0.1149,9.8067
805855,0.0575,-0.0766,9.8258
805905,0.0192,-0.0958,9.7492
805956,0.0958,-0.0383,9.7875
806005,0.0575,-0.1341,9.8258
806055,0.1341,-0.0383,9.7875
806105,0.0575,-0.1149,9.7683
806156,0.0766,-0.1149,9.7683
806205,0.0575,-0.0766,9.7492
806255,0.0958,-0.1341,9.8258
806305,0.0575,-0.1149,9.8067
806356,0.0575,-0.0958,9.7683
806405,0.0575,-0.1341,9.8067
806455,0.0766,-0.0766,9.9216
806504,0.1532,-0.0766,9.5960
806555,0.0000,-0.1915,9.8450
806605,0.1532,-0.0192,9.7300
806655,0.1532,-0.1341,9.7875
806706,0.1149,-0.0575,9.8641
806754,0.0958,-0.0383,9.7683
806805,0.1532,-0.0575,9.7875
806855,0.1341,-0.1149,9.8067
806905,0.1341,-0.0766,9.8450
806956,0.1532,-0.1149,9.7683
807005,0.1341,-0.1149,9.7875
807055,0.1724,-0.0958,9.7875
807106,0.1724,-0.1149,9.7875
807156,0.1724,-0.1149,9.8067
807205,0.1724,-0.1341,9.7875
807255,0.2107,-0.1149,9.8067
807306,0.1915,-0.1341,9.7683
807356,0.1915,-0.1149,9.8067
807405,0.1915,-0.1915,9.7300
807455,0.1915,-0.1724,9.8067
807505,0.2873,-0.1149,9.5960
807555,0.0958,-0.2298,9.8641
807605,0.1341,-0.1341,9.9024
807655,0.2298,-0.1532,9.7683
807706,0.1915,-0.1341,9.8258
807756,0.1724,-0.1149,9.7875
807805,0.2107,-0.0958,9.7492
807855,0.1724,-0.1724,9.8067
807906,0.2107,-0.1149,9.8450
807955,0.2107,-0.1724,9.7492
808005,0.1915,-0.1532,9.8067
808054,0.1915,-0.1341,9.8067
808106,0.2107,-0.1341,9.7875
808156,0.1915,-0.1341,9.7875
808205,0.2107,-0.1341,9.8067
808255,0.1915,-0.1149,9.8067
808306,0.1915,-0.1149,9.8641
808356,0.2107,-0.1724,9.7492
808405,0.2490,-0.0958,9.9982
808455,0.2107,-0.2107,9.7109
808506,0.1532,-0.1532,9.8641
808554,0.2107,-0.0766,9.8258
808605,0.2873,-0.1341,9.7492
808655,0.1915,-0.1149,9.8258
808706,0.2107,-0.1149,9.8258
808756,0.2107,-0.1341,9.7875
808805,0.2107,-0.1341,9.7683
808854,0.2298,-0.1341,9.8258
808906,0.2107,-0.1341,9.7683
808956,0.2107,-0.1532,9.7683
809005,0.2107,-0.1149,9.8067
809055,0.2298,-0.1341,9.8067
809106,0.2298,-0.1532,9.7875
809156,0.0575,-0.1724,9.8833
809205,0.0000,-0.1149,9.9216
809255,0.6129,0.1149,9.6151
809306,0.2873,0.1341,9.7109
809356,0.3256,-0.0575,9.8833
809405,0.2873,0.0958,9.7683
809455,0.2298,-0.0192,9.8833
809506,0.3256,0.1341,9.8067
809555,0.4022,-0.0192,9.7683
809605,0.3065,-0.0192,9.8450
809655,0.2873,-0.0575,9.7683
809706,0.4788,0.0575,9.6917
809755,0.2298,0.0000,9.8833
809804,0.3831,-0.0192,9.8450
809855,0.2107,-0.0766,9.8067
809905,0.2298,-0.0192,9.7683
809956,0.2873,-0.0192,9.8067
810005,0.3065,-0.0766,9.8258
810055,0.2873,-0.0766,9.7875
810106,0.2298,-0.0192,9.7875
810156,0.3256,0.0575,9.7300
810204,0.2298,-0.0575,9.8641
810255,0.2873,-0.0958,9.6726
810306,0.1915,0.1341,9.7492
810356,0.1532,0.0192,9.9216
810405,0.2873,0.0766,9.7300
810455,0.2298,0.0766,9.7683
810506,0.1915,0.0192,9.7875
810555,0.1149,-0.0575,9.8258
810605,0.1149,0.0000,9.8258
810655,0.1532,0.0383,9.8258
810706,0.2298,-0.0383,9.8258
810755,0.1724,-0.1149,9.7300
810805,0.0958,-0.0575,9.8450
810855,0.1915,-0.0766,9.8067
810905,0.1532,-0.0575,9.8067
810954,0.1532,-0.0766,9.7492
811005,0.1724,-0.0766,9.7683
811055,0.1915,-0.0766,9.6917
811106,0.0958,-0.0958,9.8258
811156,0.1149,-0.1149,9.8833
811205,0.1532,-0.0766,9.7875
811255,0.1532,-0.1532,9.7875
811305,0.1341,-0.0575,9.8067
811356,0.0766,-0.0958,9.7683
811405,0.1149,-0.1341,9.8450
811455,0.1149,-0.0766,9.8450
811506,0.1532,-0.0766,9.7875
811555,0.1532,-0.1149,9.7683
811605,0.1149,-0.0766,9.8258
811655,0.1149,-0.0958,9.8258
811706,0.1149,-0.1149,9.7300
811756,0.1532,-0.1149,9.8833
811805,0.2107,-0.1149,9.6726
811855,0.0958,0.0192,9.7875
811906,0.1149,-0.1532,9.8833
811956,0.1341,-0.1532,9.7875
812005,0.1532,-0.1341,9.7875
812055,0.0575,-0.1341,9.8641
812106,0.1532,-0.1341,9.7300
812156,0.0766,-0.1915,9.8450
812205,0.1341,-0.1341,9.8641
812255,0.1149,-0.1149,9.7875
812305,0.0958,-0.1532,9.8258
812356,0.0766,-0.1149,9.8450
812405,0.1341,-0.1532,9.8258
812454,0.1149,-0.0958,9.8067
812506,0.1149,-0.1149,9.8641
812555,0.1724,-0.2107,9.7109
812605,0.0575,-0.0958,9.8258
812655,0.0958,-0.0958,9.8833
812706,0.1341,-0.0958,9.8258
812755,0.1149,-0.1532,9.7875
812805,0.0958,-0.0958,9.8641
812855,0.0958,-0.1532,9.7300
812905,-0.0192,-0.1915,9.864
812956,0.0575,-0.1915,9.8258
813005,0.0192,-0.1532,9.8450
813055,0.0766,-0.1724,9.7875
813105,-0.0575,-0.1149,9.825
813155,0.1915,-0.1341,9.8067
813205,-0.0766,-0.4022,9.845
813255,0.4597,-0.3448,9.5768
813306,0.2490,-0.2298,9.8450
813356,0.1915,-0.3065,9.7109
813405,0.0383,-0.4405,9.9024
813455,0.1341,-0.2490,9.7109
813506,-0.1149,-0.3448,9.883
813555,0.0000,-0.4405,9.7300
813605,-0.0766,-0.4214,9.768
813655,0.0000,-0.4214,9.8067
813705,-0.0192,-0.5555,9.864
813756,-0.0575,-0.6512,9.806
813805,0.0383,-0.5746,9.6343
813855,-0.0383,-0.4214,9.787
813905,-0.0192,-0.2107,10.078
813956,-0.0383,-0.1149,9.519
814005,-0.1532,-0.2682,9.749
814055,-0.3448,-0.2107,10.111
814106,0.7087,0.6895,9.6343
814154,0.3256,0.7087,9.7109
814205,-0.1915,-1.4940,10.176
814255,0.0575,0.0575,10.1323
814305,0.0766,-0.1341,9.7109
814356,0.3831,-0.1341,9.5768
814405,-0.4788,-0.6321,10.633
814455,-0.0192,0.1341,9.8067
814505,-0.2298,-0.3256,9.864
814556,0.0766,-0.0766,9.6343
814604,-0.1532,-0.2873,9.749
814655,-0.1724,0.1724,9.3470
814705,-0.8619,-0.3639,10.090
814756,-0.8045,0.6895,9.6726
814805,0.1532,-0.7661,9.5002
814855,-0.3256,-0.1915,10.633
814905,-0.2682,0.0575,9.7300
814956,0.8619,-0.5171,11.051
815005,1.3024,-0.9577,11.568
815055,2.7964,-1.3408,11.166
815105,5.7844,-2.0494,9.5577
815156,5.4396,-3.6009,9.0597
815205,7.7189,-5.0374,5.8802
815254,9.0597,-4.2904,6.8378
815306,8.8490,-4.2138,3.2561
815356,9.8641,-2.7007,4.4819
815405,8.6574,-1.5514,2.7390
815453,8.1211,-1.0151,-0.076
815503,7.7381,-0.7661,-0.498
815555,6.2824,1.2450,-1.3599
815605,5.8227,0.7853,-3.4860
815655,6.8187,-1.0534,-4.079
815705,7.7381,-1.9537,-4.577
815755,8.0445,-1.9920,-7.125
815804,9.0597,-2.6432,-5.209
815855,8.3510,-2.1835,-4.271
815905,8.0254,-0.9194,-2.892
815956,9.5385,-1.8196,-4.098
816005,8.5042,-0.0383,-3.773
816055,9.4427,-0.3256,-4.118
816104,9.7109,0.5555,-3.6392
816156,8.8873,0.6704,-4.6543
816205,8.7724,0.9194,-3.9265
816255,7.7189,1.1301,-4.2904
816305,7.3167,1.7430,-6.4931
816353,9.2512,7.4124,-4.5011
816403,5.5737,5.1523,-5.9951
816453,5.9568,4.9416,-5.7844
816503,6.4548,4.8267,-6.5314
816554,7.2975,3.9265,-4.2521
816603,7.3550,3.8690,-4.9608
816654,7.5274,3.1220,-5.1523
816705,7.1251,2.8730,-5.0949
816755,6.9911,3.1795,-5.8802
816805,6.6846,3.5817,-6.5122
816855,6.7612,3.3519,-5.5929
816905,6.5697,3.6200,-6.2441
816954,6.6080,3.6009,-5.8035
817004,6.2824,3.7733,-5.9759
817054,5.9951,3.9265,-7.1635
817105,6.1292,4.5394,-7.3933