time,x,y,z
625074,5.3247,5.9376,-5.4588,
625180,5.3822,6.2058,-5.4588,
625223,5.4013,6.1483,-5.3439,
625273,5.4013,6.2441,-5.4013,
625323,5.2864,6.3398,-5.5545,
625373,5.2672,6.2824,-5.5162,
625423,5.3630,6.3015,-5.7652,
625473,5.2672,6.2632,-5.4588,
625523,5.3822,6.2441,-5.5354,
625573,5.4779,6.3015,-5.6312,
625623,5.4396,6.1675,-5.1906,
625674,5.4779,6.3015,-5.6120,
625723,5.5929,6.1483,-5.2672,
625773,5.4396,6.3015,-5.2672,
625823,5.5929,6.2441,-5.5354,
625874,5.6695,6.2441,-5.2098,
625923,5.7461,6.1483,-5.0182,
625974,5.6695,6.1483,-4.9416,
626023,5.6886,6.2249,-5.7269,
626074,5.7844,6.1483,-5.1906,
626124,6.1483,5.9951,-5.3056,
626174,6.3590,5.7652,-5.3056,
626223,5.7078,6.3398,-4.5777,
626274,6.5314,6.3782,-4.7884,
626323,6.2824,5.9759,-4.2713,
626374,7.3933,5.7078,-3.0646,
626423,7.1826,5.9568,-3.6392,
626474,7.4891,5.3630,-1.6281,
626523,7.6998,5.5929,-1.2450,
626574,8.3701,5.6886,-0.7853,
626623,7.6998,5.8993,-0.8045,
626673,7.7764,5.6503,-0.6321,
626723,7.5082,7.2209,0.4214,
626773,7.2018,4.5969,1.2067,
626823,6.8953,3.8690,1.9920,
626874,5.5162,-0.4597,-0.5555,
626923,8.6574,-1.2641,0.5938,
626974,6.5122,2.0494,1.7813,
627023,6.7229,0.6704,3.5434,
627074,5.2672,2.4134,6.8761,
627123,5.8035,2.6815,7.7381,
627174,4.1563,3.2178,10.5728,
627223,3.3519,3.4860,11.2049,
627274,3.1603,3.3710,11.7795,
627323,2.2984,0.4788,11.1857,
627374,2.7198,0.8428,11.6262,
627423,2.0686,0.7278,10.2472,
627474,1.3408,0.0958,10.2089,
627523,0.8045,0.2682,10.2855,
627574,0.4022,-0.5555,10.1706,
627623,0.7278,-0.4405,10.3621,
627673,1.0534,0.6321,10.4579,
627723,0.8045,0.3639,9.6534,
627773,1.4557,1.1492,10.1514,
627823,0.3639,0.3639,9.3661,
627874,0.1724,0.4788,9.2895,
627923,0.4214,0.6895,10.4770,
627974,0.9002,0.7853,11.7986,
628023,-0.1724,0.7470,9.7875,
628074,-0.9768,1.2258,9.3278,
628123,-0.4405,1.5323,10.0365,
628173,1.0534,0.9577,9.0597,
628224,2.8922,2.0111,9.4619,
628276,-0.2682,0.5938,9.5002,
628325,-1.0726,0.6895,9.8067,
628375,-0.2107,0.8045,8.8873,
628427,0.8045,0.2682,9.0597,
628476,2.2793,0.3448,11.4156,
628525,0.4214,0.4405,10.6877,
628575,-0.4214,0.3639,9.9790,
628625,1.0918,0.1532,9.3087,
628675,0.7853,0.2873,9.0980,
628723,0.6321,0.2490,10.1323,
628774,0.7278,0.3831,9.0405,
628825,0.7470,0.2490,10.2280,
628875,0.7853,0.2682,9.9599,
628925,0.7661,0.2873,9.8067,
628975,0.8045,0.2873,9.8450,
629025,0.7661,0.3065,9.8258,
629076,0.8045,0.3065,9.8258,
629125,0.7853,0.3639,9.7683,
629175,0.7470,0.4022,9.7875,
629225,0.7278,0.4022,9.8067,
629275,0.6895,0.4405,9.7492,
629324,0.6704,0.4214,9.7492,
629375,0.6704,0.4214,9.8067,
629424,0.6704,0.4214,9.8067,
629476,0.7661,0.3831,9.8067,
629525,0.7853,0.3831,9.8450,
629574,0.7278,0.3831,9.8258,
629625,0.7853,0.4022,9.8450,
629675,0.8045,0.4214,9.7683,
629725,0.8428,0.3639,9.8450,
629775,0.8236,0.4405,9.7492,
629824,0.8428,0.3831,9.7875,
629875,0.8619,0.3256,9.8450,
629925,0.8619,0.3448,9.9024,
629975,0.7661,0.4022,9.7875,
630025,0.7661,0.3831,9.8258,
630075,0.7087,0.4022,9.7875,
630124,0.7087,0.4214,9.7875,
630174,0.7278,0.4022,9.7875,
630225,0.7087,0.4214,9.7875,
630276,0.7278,0.4214,9.8067,
630325,0.6895,0.4597,9.7875,
630375,0.7278,0.4214,9.8450,
630425,0.6895,0.4405,9.8067,
630476,0.7087,0.4405,9.8258,
630525,0.7087,0.4214,9.8067,
630575,0.6704,0.4597,9.8067,
630625,0.6704,0.4597,9.8067,
630676,0.6895,0.4405,9.7875,
630724,0.6895,0.4214,9.8067,
630775,0.6895,0.4214,9.8258,
630825,0.7087,0.4405,9.7875,
630876,0.6895,0.4405,9.8067,
630925,0.6704,0.4405,9.8067,
630975,0.6895,0.4405,9.8067,
631025,0.6895,0.4405,9.8258,
631075,0.7087,0.4405,9.7875,
631124,0.6895,0.4405,9.8258,
631175,0.6895,0.4022,9.8067,
631225,0.6895,0.4405,9.8067,
631276,0.6704,0.4405,9.7875,
631324,0.6895,0.4405,9.8067,
631375,0.6895,0.4405,9.8067,
631425,0.7087,0.4214,9.8258,
631474,0.6895,0.4405,9.8067,
631524,0.6704,0.4405,9.7875,
631575,0.6895,0.4405,9.8258,
631625,0.6895,0.4405,9.8067,
631676,0.6895,0.4405,9.8067,
631725,0.6895,0.4597,9.7875,
631775,0.6895,0.4405,9.8258,
631826,0.6895,0.4214,9.7875,
631876,0.6895,0.4405,9.8067,
631924,0.6895,0.4405,9.8258,
631975,0.6895,0.4405,9.8067,
632024,0.6895,0.4214,9.8258,
632075,0.7087,0.4214,9.8258,
632124,0.7087,0.4405,9.7875,
632175,0.6895,0.4405,9.8067,
632225,0.6895,0.4405,9.8067,
632276,0.6895,0.4405,9.8258,
632325,0.6895,0.4405,9.8067,
632375,0.7087,0.4405,9.8067,
632425,0.6895,0.4214,9.8067,
632476,0.6895,0.4214,9.7875,
632525,0.6895,0.4405,9.8067,
632574,0.6895,0.4405,9.8258,
632625,0.7087,0.4214,9.8258,
632676,0.7087,0.4214,9.8067,
632724,0.6895,0.4405,9.8258,
632775,0.6895,0.4405,9.8067,
632825,0.6895,0.4405,9.7875,
632874,0.7087,0.4405,9.8067,
632924,0.6895,0.4214,9.8258,
632975,0.6895,0.4405,9.7875,
633024,0.6895,0.4405,9.8067,
633075,0.6895,0.4214,9.8258,
633125,0.6704,0.4214,9.7875,
633175,0.7087,0.4405,9.8258,
633225,0.6895,0.4405,9.8067,
633276,0.6895,0.4405,9.8067,
633325,0.6895,0.4405,9.8067,
633375,0.6895,0.4405,9.8258,
633425,0.6895,0.4405,9.8067,
633476,0.6895,0.4405,9.8067,
633525,0.7087,0.4405,9.8067,
633574,0.6895,0.4405,9.8067,
633625,0.6895,0.4405,9.8067,
633675,0.6895,0.4405,9.8067,
633725,0.6895,0.4405,9.7875,
633775,0.6895,0.4405,9.8450,
633825,0.7087,0.4597,9.8067,
633874,0.6895,0.4597,9.8067,
633924,0.6895,0.4405,9.7875,
633974,0.7087,0.4405,9.8067,
634024,0.6895,0.4405,9.7875,
634075,0.7087,0.4405,9.8258,
634125,0.7087,0.4405,9.8067,
634175,0.6895,0.4405,9.8067,
634225,0.7087,0.4405,9.8258,
634275,0.7087,0.4405,9.8067,
634325,0.7087,0.4405,9.8067,
634375,0.6895,0.4405,9.8067,
634425,0.7087,0.4405,9.8258,
634476,0.7087,0.4405,9.8258,
634525,0.7087,0.4405,9.8258,
634575,0.7087,0.4405,9.8067,
634625,0.7087,0.4597,9.8067,
634676,0.7087,0.4405,9.8258,
634725,0.7087,0.4405,9.7875,
634775,0.6895,0.4597,9.8258,
634825,0.6895,0.4405,9.8067,
634876,0.7087,0.4405,9.7875,
634925,0.7087,0.4405,9.8258,
634975,0.6895,0.4405,9.8067,
635024,0.7087,0.4405,9.8067,
635076,0.7087,0.4405,9.8067,
635125,0.6895,0.4405,9.8258,
635175,0.6895,0.4405,9.8067,
635225,0.7087,0.4405,9.8067,
635276,0.6895,0.4214,9.8067,
635325,0.6895,0.4405,9.8067,
635374,0.7087,0.4405,9.8067,
635424,0.7087,0.4405,9.8067,
635474,0.6895,0.4405,9.8067,
635524,0.6895,0.4597,9.8067,
635574,0.7087,0.4405,9.8067,
635625,0.7087,0.4405,9.8067,
635676,0.6895,0.4405,9.8258,
635723,0.7087,0.4405,9.8067,
635775,0.6895,0.4405,9.8067,
635825,0.7087,0.4405,9.8258,
635876,0.6895,0.4405,9.8067,
635925,0.6895,0.4405,9.8067,
635975,0.7087,0.4405,9.8067,
636024,0.7087,0.4405,9.8258,
636076,0.7087,0.4405,9.8067,
636125,0.7087,0.4405,9.8067,
636175,0.6895,0.4405,9.8258,
636225,0.7087,0.4597,9.8067,
636276,0.6895,0.4405,9.8067,
636325,0.7087,0.4405,9.8067,
636375,0.7087,0.4405,9.8067,
636425,0.6895,0.4597,9.8067,
636476,0.7087,0.4405,9.8067,
636525,0.6895,0.4214,9.8067,
636575,0.7087,0.4405,9.8067,
636623,0.7087,0.4597,9.8258,
636675,0.6895,0.4405,9.8067,
636725,0.7087,0.4597,9.8258,
636775,0.7087,0.4405,9.8067,
636825,0.7087,0.4405,9.8067,
636876,0.6895,0.4405,9.8067,
636925,0.6895,0.4405,9.8067,
636975,0.6895,0.4405,9.8067,
637025,0.6895,0.4597,9.8067,
637075,0.6895,0.4405,9.8258,
637125,0.6895,0.4405,9.8067,
637175,0.7087,0.4405,9.8067,
637225,0.7087,0.4597,9.8258,
637274,0.7087,0.4405,9.8067,
637325,0.6895,0.4405,9.8067,
637375,0.6895,0.4405,9.8067,
637425,0.6895,0.4405,9.8258,
637473,0.6895,0.4405,9.8067,
637524,0.6895,0.4405,9.8067,
637575,0.6895,0.4405,9.8258,
637625,0.7087,0.4405,9.8258,
637675,0.6895,0.4405,9.8067,
637725,0.7087,0.4405,9.8067,
637775,0.6895,0.4405,9.8067,
637825,0.6895,0.4405,9.8067,
637875,0.6895,0.4405,9.8067,
637925,0.7087,0.4597,9.7875,
637974,0.6895,0.4405,9.8067,
638024,0.7087,0.4405,9.7875,
638075,0.6895,0.4597,9.8258,
638133,0.7087,0.4597,9.8067,
638184,0.6895,0.4405,9.8067,
638235,0.7087,0.4405,9.8258,
638284,0.7087,0.4405,9.8067,
638335,0.7087,0.4597,9.8067,
638385,0.7087,0.4405,9.8258,
638435,0.6895,0.4405,9.8067,
638484,0.7087,0.4405,9.8067,
638535,0.6895,0.4597,9.8067,
638585,0.6895,0.4597,9.8258,
638635,0.6895,0.4405,9.7875,
638684,0.7087,0.4597,9.8067,
638735,0.7087,0.4405,9.8067,
638785,0.6895,0.4405,9.8067,
638835,0.7087,0.4597,9.8258,
638885,0.7087,0.4405,9.8258,
638935,0.6895,0.4597,9.8067,
638985,0.7087,0.4405,9.8067,
639035,0.7087,0.4405,9.8067,
639085,0.6895,0.4405,9.7875,
639135,0.7087,0.4405,9.8067,
639185,0.7087,0.4405,9.8258,
639234,0.7087,0.4405,9.8067,
639285,0.6895,0.4405,9.8067,
639334,0.7087,0.4405,9.8258,
639385,0.7087,0.4405,9.8067,
639435,0.7087,0.4405,9.8067,
639485,0.7087,0.4405,9.8067,
639534,0.7087,0.4405,9.8067,
639585,0.7087,0.4405,9.8067,
639635,0.7087,0.4214,9.7875,
639685,0.7087,0.4405,9.8258,
639735,0.7087,0.4405,9.8258,
639785,0.7087,0.4405,9.8258,
639835,0.7087,0.4405,9.8067,
639885,0.7087,0.4405,9.8258,
639935,0.7087,0.4405,9.8067,
639985,0.7087,0.4405,9.8067,
640034,0.7087,0.4405,9.7875,
640084,0.7087,0.4405,9.8067,
640134,0.7087,0.4405,9.8067,
640185,0.7087,0.4405,9.7875,
640235,0.7087,0.4405,9.8067,
640285,0.7087,0.4405,9.8067,
640334,0.7087,0.4405,9.7875,
640385,0.7087,0.4405,9.8067,
640435,0.7087,0.4597,9.8067,
640485,0.7087,0.4405,9.8258,
640534,0.7087,0.4214,9.7875,
640585,0.6895,0.4405,9.8067,
640634,0.7087,0.4597,9.7875,
640685,0.6895,0.4405,9.8258,
640735,0.7087,0.4597,9.8067,
640785,0.7087,0.4597,9.8067,
640835,0.7087,0.4597,9.7875,
640885,0.6895,0.4597,9.8067,
640934,0.7087,0.4597,9.8067,
640985,0.6895,0.4405,9.8258,
641035,0.7087,0.4405,9.7875,
641085,0.7087,0.4405,9.8067,
641135,0.7087,0.4597,9.8258,
641185,0.7087,0.4405,9.8258,
641235,0.7087,0.4405,9.8067,
641285,0.7087,0.4405,9.8258,
641335,0.7087,0.4405,9.7875,
641384,0.6895,0.4405,9.8067,
641435,0.7087,0.4405,9.8258,
641485,0.7087,0.4405,9.7875,
641535,0.7087,0.4597,9.8067,
641585,0.7087,0.4405,9.8067,
641635,0.7087,0.4405,9.8067,
641685,0.7087,0.4405,9.8067,
641735,0.6895,0.4405,9.8067,
641785,0.6895,0.4405,9.8067,
641835,0.7087,0.4405,9.8067,
641885,0.7087,0.4405,9.8067,
641935,0.7087,0.4214,9.8067,
641985,0.7087,0.4597,9.8067,
642035,0.7087,0.4214,9.8067,
642085,0.7087,0.4405,9.8067,
642135,0.7087,0.4405,9.8067,
642185,0.7087,0.4405,9.8258,
642235,0.7087,0.4405,9.8067,
642285,0.7087,0.4405,9.8067,
642334,0.7087,0.4597,9.8067,
642385,0.7087,0.4597,9.8067,
642435,0.7087,0.4405,9.8258,
642485,0.7087,0.4405,9.8067,
642534,0.7087,0.4405,9.8258,
642585,0.7087,0.4405,9.8067,
642635,0.7087,0.4405,9.8067,
642685,0.7087,0.4405,9.7875,
642735,0.6895,0.4597,9.8258,
642785,0.6895,0.4405,9.8067,
642835,0.7087,0.4597,9.7875,
642885,0.7278,0.4405,9.8258,
642935,0.6895,0.4405,9.8067,
642985,0.7087,0.4405,9.8067,
643034,0.7087,0.4405,9.8067,
643085,0.7087,0.4405,9.8258,
643135,0.6895,0.4597,9.8067,
643185,0.6895,0.4405,9.8067,
643235,0.6895,0.4405,9.7875,
643285,0.7087,0.4405,9.8067,
643334,0.7087,0.4405,9.8067,
643385,0.7087,0.4597,9.8067,
643435,0.7087,0.4597,9.8067,
643485,0.7087,0.4405,9.8067,
643534,0.7087,0.4214,9.7875,
643585,0.7087,0.4405,9.8067,
643635,0.7087,0.4405,9.8067,
643685,0.7087,0.4405,9.8067,
643735,0.7087,0.4405,9.8067,
643785,0.7087,0.4405,9.8067,
643835,0.7087,0.4405,9.7875,
643885,0.7087,0.4405,9.8067,
643935,0.7087,0.4405,9.8067,
643985,0.7087,0.4405,9.8067,
644034,0.7087,0.4405,9.8067,
644085,0.7087,0.4405,9.8067,
644135,0.7087,0.4405,9.8067,
644185,0.7087,0.4405,9.8067,
644235,0.7087,0.4405,9.8067,
644285,0.7087,0.4405,9.8067,
644335,0.7087,0.4405,9.8258,
644385,0.7087,0.4405,9.8258,
644435,0.7087,0.4405,9.8067,
644485,0.7087,0.4597,9.8067,
644534,0.7087,0.4405,9.8067,
644585,0.6895,0.4405,9.8067,
644635,0.7087,0.4597,9.8067,
644685,0.7278,0.4405,9.8258,
644734,0.7087,0.4597,9.8067,
644784,0.7087,0.4597,9.8067,
644835,0.7278,0.4405,9.8067,
644885,0.7087,0.4405,9.8067,
644935,0.7278,0.4214,9.8067,
644985,0.7278,0.4214,9.8067,
645034,0.7087,0.4405,9.8067,
645085,0.7278,0.4405,9.8067,
645134,0.7087,0.4405,9.8067,
645185,0.7087,0.4597,9.7875,
645235,0.7278,0.4405,9.8258,
645285,0.7087,0.4405,9.7875,
645335,0.7087,0.4597,9.8258,
645385,0.7087,0.4405,9.8258,
645435,0.7087,0.4405,9.8067,
645485,0.7087,0.4597,9.8067,
645534,0.7087,0.4405,9.8067,
645585,0.7278,0.4597,9.8067,
645635,0.7278,0.4405,9.8258,
645685,0.7087,0.4405,9.8067,
645735,0.7087,0.4405,9.8067,
645785,0.7087,0.4405,9.8067,
645835,0.7087,0.4597,9.8067,
645885,0.7087,0.4405,9.8067,
645935,0.7087,0.4405,9.8067,
645985,0.7087,0.4405,9.8258,
646035,0.7087,0.4597,9.8067,
646085,0.7087,0.4405,9.8067,
646134,0.7087,0.4405,9.8067,
646185,0.7087,0.4597,9.8067,
646235,0.7087,0.4214,9.8067,
646285,0.7087,0.4405,9.7875,
646335,0.7087,0.4405,9.8258,
646385,0.7087,0.4405,9.8067,
646435,0.7087,0.4405,9.8067,
646485,0.7278,0.4405,9.8067,
646534,0.7087,0.4214,9.8067,
646585,0.7087,0.4597,9.8067,
646634,0.7087,0.4405,9.8258,
646685,0.7278,0.4405,9.8067,
646735,0.7087,0.4405,9.8258,
646785,0.7087,0.4597,9.8067,
646835,0.7087,0.4405,9.8067,
646885,0.7087,0.4405,9.7875,
646935,0.7087,0.4597,9.8258,
646985,0.7087,0.4214,9.8067,
647035,0.7087,0.4405,9.8067,
647085,0.7087,0.4597,9.8258,
647135,0.7087,0.4405,9.8067,
647185,0.7087,0.4405,9.8258,
647235,0.7087,0.4405,9.8067,
647285,0.7087,0.4597,9.8067,
647335,0.7087,0.4405,9.8067,
647385,0.7087,0.4405,9.7875,
647435,0.7087,0.4405,9.8067,
647485,0.7087,0.4405,9.8067,
647535,0.7087,0.4405,9.8067,
647585,0.7087,0.4597,9.7875,
647635,0.7087,0.4405,9.8067,
647685,0.6895,0.4405,9.8067,
647734,0.7087,0.4214,9.8067,
647785,0.7087,0.4405,9.8067,
647835,0.7087,0.4405,9.8067,
647885,0.7087,0.4405,9.8067,
647935,0.6895,0.4405,9.8067,
647985,0.7087,0.4405,9.8067,
648034,0.7087,0.4405,9.8067,
648085,0.7087,0.4405,9.8067,
648135,0.7087,0.4405,9.8067,
648185,0.7087,0.4405,9.8258,
648235,0.7087,0.4405,9.8067,
648285,0.7278,0.4597,9.8067,
648335,0.7087,0.4405,9.8258,
648385,0.7278,0.4214,9.8067,
648435,0.7087,0.4597,9.7875,
648484,0.7087,0.4405,9.8067,
648536,0.7087,0.4405,9.8067,
648583,0.7087,0.4405,9.8067,
648636,0.7278,0.4405,9.8067,
648683,0.7087,0.4405,9.8067,
648733,0.7087,0.4405,9.8067,
648783,0.7087,0.4405,9.8067,
648833,0.7087,0.4405,9.8067,
648885,0.7087,0.4405,9.7875,
648934,0.7087,0.4405,9.8258,
648985,0.7087,0.4405,9.7875,
649034,0.7087,0.4405,9.8258,
649084,0.7087,0.4214,9.8067,
649135,0.7087,0.4405,9.8067,
649185,0.7087,0.4405,9.8258,
649235,0.7087,0.4405,9.8067,
649286,0.7087,0.4405,9.8067,
649335,0.7278,0.4405,9.8258,
649385,0.7278,0.4405,9.8067,
649435,0.7278,0.4405,9.8067,
649485,0.7087,0.4405,9.8258,
649535,0.7087,0.4214,9.8067,
649585,0.7087,0.4405,9.8067,
649636,0.7278,0.4405,9.8067,
649686,0.7087,0.4214,9.8067,
649735,0.7087,0.4405,9.8067,
649785,0.7087,0.4405,9.7875,
649835,0.7278,0.4597,9.7875,
649886,0.7087,0.4405,9.8067,
649935,0.7087,0.4405,9.7875,
649985,0.7087,0.4405,9.8067,
650035,0.7087,0.4405,9.8067,
650086,0.7087,0.4405,9.7875,
650135,0.7278,0.4405,9.8067,
650185,0.7087,0.4405,9.8067,
650236,0.7278,0.4405,9.7875,
650286,0.7278,0.4405,9.8067,
650335,0.7278,0.4405,9.8067,
650385,0.7278,0.4405,9.8067,
650436,0.7278,0.4405,9.7875,
650485,0.7087,0.4405,9.8067,
650534,0.7087,0.4405,9.8067,
650583,0.7278,0.4214,9.8067,
650634,0.7087,0.4405,9.8067,
650685,0.7278,0.4405,9.8067,
650735,0.7087,0.4405,9.8067,
650785,0.7278,0.4405,9.8067,
650835,0.7087,0.4405,9.8258,
650886,0.7278,0.4214,9.8258,
650935,0.7087,0.4405,9.8067,
650985,0.7087,0.4405,9.8067,
651034,0.7087,0.4597,9.8067,
651086,0.7087,0.4405,9.8067,
651135,0.7278,0.4405,9.8258,
651185,0.7278,0.4405,9.8067,
651236,0.7087,0.4405,9.8067,
651285,0.7087,0.4405,9.8067,
651335,0.7087,0.4405,9.8258,
651384,0.7278,0.4405,9.8067,
651435,0.7087,0.4405,9.8067,
651485,0.7278,0.4405,9.8067,
651535,0.7278,0.4405,9.8067,
651585,0.7087,0.4214,9.8067,
651634,0.7087,0.4405,9.8067,
651686,0.7087,0.4214,9.8067,
651735,0.7087,0.4405,9.8067,
651785,0.7087,0.4405,9.8258,
651836,0.7278,0.4405,9.8067,
651886,0.7087,0.4405,9.8067,
651935,0.7087,0.4405,9.8258,
651985,0.7278,0.4405,9.8067,
652034,0.7087,0.4405,9.8067,
652084,0.7278,0.4405,9.8067,
652135,0.7087,0.4405,9.8258,
652185,0.7087,0.4405,9.7875,
652235,0.7087,0.4405,9.8258,
652286,0.7087,0.4405,9.8067,
652335,0.7087,0.4405,9.8067,
652385,0.7087,0.4597,9.8067,
652436,0.7278,0.4405,9.8067,
652485,0.7087,0.4405,9.8067,
652535,0.7278,0.4405,9.8067,
652585,0.7087,0.4597,9.8067,
652636,0.7087,0.4405,9.8067,
652686,0.7278,0.4405,9.8067,
652735,0.7278,0.4405,9.8067,
652785,0.7087,0.4405,9.8067,
652835,0.7087,0.4214,9.8067,
652886,0.7087,0.4597,9.7875,
652935,0.7087,0.4405,9.8067,
652985,0.7087,0.4405,9.8067,
653035,0.7278,0.4405,9.8067,
653085,0.7087,0.4405,9.8067,
653135,0.7087,0.4405,9.8067,
653185,0.7087,0.4405,9.8067,
653236,0.7087,0.4405,9.8067,
653286,0.7087,0.4597,9.8067,
653335,0.7087,0.4214,9.8258,
653385,0.7087,0.4597,9.7875,
653435,0.7087,0.4405,9.8067,
653485,0.7278,0.4214,9.8067,
653535,0.7087,0.4405,9.7875,
653585,0.7087,0.4405,9.8067,
653636,0.7087,0.4405,9.8067,
653686,0.7278,0.4405,9.7875,
653735,0.7278,0.4405,9.8067,
653785,0.7278,0.4405,9.8067,
653834,0.7087,0.4405,9.8067,
653886,0.7087,0.4405,9.8067,
653935,0.7087,0.4405,9.8067,
653985,0.7087,0.4405,9.8067,
654036,0.7087,0.4405,9.8067,
654086,0.7087,0.4405,9.7875,
654135,0.7087,0.4405,9.8258,
654185,0.7087,0.4405,9.8067,
654236,0.7087,0.4405,9.8067,
654286,0.7087,0.4405,9.8258,
654335,0.7087,0.4405,9.8258,
654385,0.7087,0.4597,9.8067,
654436,0.7087,0.4405,9.8067,
654485,0.7087,0.4405,9.8067,
654535,0.7278,0.4405,9.8067,
654585,0.7087,0.4597,9.8067,
654636,0.7278,0.4597,9.8067,
654686,0.7087,0.4405,9.8258,
654735,0.7278,0.4405,9.8067,
654785,0.7278,0.4597,9.8067,
654836,0.7087,0.4405,9.8258,
654886,0.7087,0.4405,9.7875,
654935,0.7087,0.4405,9.8067,
654985,0.7087,0.4405,9.8067,
655035,0.7278,0.4405,9.8067,
655085,0.7278,0.4405,9.8067,
655135,0.7278,0.4214,9.8067,
655185,0.7087,0.4405,9.8258,
655235,0.7087,0.4405,9.8067,
655286,0.7087,0.4405,9.8067,
655335,0.7087,0.4405,9.8067,
655385,0.7087,0.4597,9.8258,
655436,0.7087,0.4405,9.8258,
655485,0.7087,0.4405,9.7875,
655535,0.7278,0.4405,9.8067,
655585,0.7278,0.4214,9.8067,
655635,0.7087,0.4405,9.8067,
655686,0.7087,0.4597,9.8067,
655735,0.7087,0.4405,9.8067,
655784,0.7278,0.4405,9.8067,
655836,0.7278,0.4405,9.8067,
655886,0.7278,0.4405,9.8258,
655935,0.7278,0.4405,9.8067,
655985,0.7087,0.4405,9.8067,
656036,0.7278,0.4405,9.8258,
656086,0.7278,0.4405,9.8067,
656135,0.7278,0.4405,9.8067,
656185,0.7087,0.4405,9.8067,
656235,0.7278,0.4405,9.8067,
656286,0.7278,0.4405,9.7875,
656335,0.7278,0.4405,9.8258,
656384,0.7278,0.4597,9.8067,
656436,0.7278,0.4405,9.7875,
656484,0.7087,0.4405,9.8067,
656534,0.7278,0.4405,9.8067,
656584,0.7278,0.4405,9.8067,
656633,0.7278,0.4405,9.8067,
656683,0.7278,0.4405,9.8067,
656733,0.7278,0.4405,9.8067,
656792,0.7278,0.4405,9.8067,
656845,0.7278,0.4214,9.8067,
656893,0.7278,0.4405,9.8067,
656950,0.7087,0.4405,9.8067,
656993,0.7278,0.4405,9.8067,
657043,0.7087,0.4597,9.8067,
657093,0.7278,0.4405,9.8067,
657143,0.7278,0.4405,9.8067,
657193,0.7278,0.4597,9.8067,
657243,0.7087,0.4405,9.8258,
657293,0.7087,0.4597,9.8067,
657343,0.7278,0.4214,9.8258,
657393,0.7278,0.4597,9.8067,
657444,0.7087,0.4597,9.8258,
657495,0.7278,0.4405,9.8067,
657545,0.7278,0.4405,9.7875,
657594,0.7278,0.4405,9.8067,
657644,0.7278,0.4405,9.8067,
657695,0.7278,0.4405,9.8067,
657745,0.7278,0.4405,9.8067,
657795,0.7087,0.4214,9.8067,
657846,0.7278,0.4405,9.8067,
657893,0.7087,0.4405,9.8067,
657944,0.7278,0.4405,9.8067,
657995,0.7470,0.4405,9.8067,
658044,0.7087,0.4405,9.8067,
658093,0.7278,0.4405,9.8258,
658145,0.7278,0.4597,9.8067,
658196,0.7278,0.4597,9.7875,
658246,0.7087,0.4405,9.8067,
658293,0.7278,0.4405,9.8067,
658343,0.7278,0.4405,9.8258,
658396,0.7278,0.4405,9.8258,
658443,0.7087,0.4405,9.8067,
658493,0.7278,0.4597,9.8067,
658543,0.7278,0.4405,9.8067,
658593,0.7278,0.4405,9.8067,
658643,0.7278,0.4405,9.8067,
658693,0.7087,0.4214,9.8067,
658743,0.7087,0.4405,9.7875,
658794,0.7087,0.4405,9.8067,
658846,0.7278,0.4405,9.8067,
658893,0.7278,0.4405,9.7875,
658944,0.7087,0.4405,9.8067,
658994,0.7278,0.4405,9.8067,
659045,0.7278,0.4405,9.8067,
659095,0.7278,0.4405,9.8067,
659145,0.7087,0.4405,9.8258,
659196,0.7278,0.4597,9.8067,
659243,0.7087,0.4405,9.8258,
659295,0.7087,0.4405,9.8067,
659345,0.7087,0.4405,9.7875,
659395,0.7278,0.4597,9.8067,
659445,0.7087,0.4405,9.8067,
659495,0.7278,0.4405,9.8258,
659545,0.7278,0.4405,9.8067,
659595,0.7278,0.4405,9.8258,
659646,0.7278,0.4405,9.8067,
659695,0.7087,0.4405,9.8067,
659745,0.7278,0.4405,9.8067,
659795,0.7278,0.4405,9.8067,
659846,0.7278,0.4405,9.8067,
659894,0.7278,0.4405,9.8067,
659945,0.7278,0.4405,9.8067,
659995,0.7087,0.4405,9.8067,
660045,0.7087,0.4597,9.8258,
660095,0.7278,0.4214,9.8067,
660145,0.7278,0.4405,9.7875,
660195,0.7087,0.4405,9.8067,
660246,0.7278,0.4405,9.8067,
660295,0.7278,0.4405,9.8067,
660345,0.7278,0.4214,9.8067,
660395,0.7278,0.4405,9.8067,
660446,0.7278,0.4405,9.8258,
660495,0.7278,0.4405,9.8067,
660545,0.7278,0.4405,9.8067,
660595,0.7278,0.4405,9.8067,
660646,0.7278,0.4405,9.7875,
660695,0.7087,0.4405,9.8067,
660745,0.7278,0.4405,9.7875,
660795,0.7278,0.4597,9.8067,
660846,0.7278,0.4405,9.8067,
660895,0.7278,0.4405,9.8067,
660945,0.7278,0.4405,9.8067,
660995,0.7278,0.4405,9.8258,
661043,0.7278,0.4214,9.8067,
661094,0.7087,0.4214,9.8067,
661145,0.7087,0.4405,9.8067,
661194,0.7278,0.4405,9.8067,
661246,0.7087,0.4405,9.8067,
661295,0.7278,0.4405,9.8067,
661345,0.7278,0.4405,9.8067,
661395,0.7087,0.4405,9.7875,
661446,0.7278,0.4405,9.8067,
661494,0.7278,0.4597,9.7875,
661545,0.7087,0.4405,9.8258,
661595,0.7087,0.4405,9.8067,
661646,0.7087,0.4405,9.8067,
661695,0.7278,0.4405,9.8067,
661745,0.7278,0.4405,9.7875,
661795,0.7278,0.4405,9.8067,
661846,0.7278,0.4405,9.8067,
661894,0.7278,0.4214,9.8067,
661945,0.7278,0.4405,9.8067,
661995,0.7087,0.4405,9.8067,
662045,0.7087,0.4405,9.8067,
662094,0.7087,0.4405,9.8067,
662145,0.7278,0.4405,9.8067,
662195,0.7087,0.4405,9.8067,
662245,0.7278,0.4405,9.8067,
662294,0.7278,0.4405,9.8067,
662345,0.7278,0.4405,9.8067,
662396,0.7470,0.4214,9.7875,
662445,0.7278,0.4405,9.8067,
662495,0.7278,0.4214,9.8067,
662545,0.7278,0.4405,9.7875,
662595,0.7278,0.4405,9.8067,
662644,0.7278,0.4405,9.8067,
662695,0.7278,0.4405,9.8067,
662745,0.7278,0.4405,9.8067,
662795,0.7278,0.4405,9.8067,
662846,0.7278,0.4405,9.8067,
662895,0.7278,0.4405,9.8067,
662945,0.7278,0.4405,9.8067,
662996,0.7278,0.4405,9.8067,
663045,0.7470,0.4597,9.8258,
663095,0.7278,0.4405,9.8067,
663145,0.7278,0.4405,9.8067,
663196,0.7278,0.4405,9.8067,
663246,0.7278,0.4597,9.8067,
663294,0.7278,0.4214,9.8067,
663345,0.7278,0.4405,9.8067,
663395,0.7087,0.4597,9.8258,
663446,0.7278,0.4405,9.8067,
663495,0.7087,0.4214,9.8067,
663545,0.7278,0.4405,9.8067,
663595,0.7278,0.4405,9.8067,
663646,0.7087,0.4405,9.8258,
663695,0.7087,0.4597,9.7875,
663745,0.7470,0.4405,9.8067,
663795,0.7278,0.4597,9.8067,
663846,0.7278,0.4405,9.8067,
663894,0.7278,0.4405,9.8067,
663945,0.7278,0.4405,9.8067,
663995,0.7278,0.4405,9.8067,
664045,0.7278,0.4405,9.8067,
664094,0.7087,0.4405,9.8258,
664145,0.7278,0.4214,9.8258,
664195,0.7278,0.4405,9.7875,
664246,0.7087,0.4405,9.8258,
664294,0.7278,0.4405,9.8067,
664345,0.7278,0.4597,9.8067,
664395,0.7470,0.4214,9.8067,
664446,0.7278,0.4405,9.8067,
664496,0.7087,0.4405,9.7875,
664545,0.7278,0.4405,9.8067,
664596,0.7278,0.4405,9.7875,
664646,0.7278,0.4405,9.8258,
664695,0.7278,0.4405,9.8067,
664745,0.7278,0.4214,9.8067,
664795,0.7087,0.4405,9.8067,
664846,0.7278,0.4405,9.8067,
664894,0.7278,0.4405,9.8067,
664945,0.7278,0.4405,9.7875,
664995,0.7278,0.4405,9.8067,
665045,0.7278,0.4405,9.8067,
665094,0.7278,0.4405,9.8067,
665145,0.7278,0.4405,9.7875,
665194,0.7278,0.4405,9.8067,
665246,0.7087,0.4405,9.8258,
665294,0.7278,0.4405,9.8067,
665345,0.7278,0.4405,9.7875,
665395,0.7278,0.4405,9.8067,
665446,0.7278,0.4405,9.8067,
665494,0.7278,0.4405,9.8067,
665545,0.7278,0.4405,9.8067,
665595,0.7278,0.4405,9.8067,
665646,0.7278,0.4214,9.8067,
665694,0.7278,0.4405,9.8067,
665745,0.7278,0.4214,9.8258,
665795,0.7278,0.4405,9.8067,
665846,0.7470,0.4405,9.8067,
665894,0.7470,0.4405,9.7875,
665945,0.7470,0.4214,9.8258,
665995,0.7278,0.4405,9.8067,
666046,0.7278,0.4405,9.8258,
666094,0.7470,0.4214,9.8067,
666145,0.7278,0.4405,9.8067,
666195,0.7470,0.4214,9.8258,
666246,0.7278,0.4405,9.8258,
666294,0.7470,0.4405,9.8067,
666345,0.7278,0.4214,9.8067,
666396,0.7470,0.4214,9.7875,
666446,0.7278,0.4405,9.8258,
666494,0.7278,0.4405,9.8067,
666545,0.7470,0.4214,9.8067,
666595,0.7470,0.4405,9.8067,
666646,0.7278,0.4405,9.8067,
666694,0.7470,0.4405,9.8067,
666744,0.7470,0.4405,9.8067,
666795,0.7278,0.4214,9.8067,
666846,0.7278,0.4405,9.8067,
666894,0.7278,0.4214,9.8067,
666945,0.7278,0.4214,9.8258,
666996,0.7278,0.4405,9.8067,
667046,0.7278,0.4405,9.8067,
667094,0.7470,0.4214,9.8067,
667145,0.7278,0.4405,9.8067,
667195,0.7278,0.4405,9.8067,
667246,0.7470,0.4405,9.8067,
667294,0.7278,0.4405,9.8067,
667345,0.7278,0.4405,9.8067,
667395,0.7470,0.4405,9.7875,
667446,0.7278,0.4405,9.8258,
667494,0.7470,0.4214,9.8067,
667545,0.7470,0.4405,9.7875,
667595,0.7470,0.4597,9.8258,
667646,0.7470,0.4214,9.8067,
667694,0.7470,0.4405,9.8067,
667745,0.7278,0.4405,9.8067,
667795,0.7470,0.4405,9.8067,
667846,0.7278,0.4405,9.8067,
667894,0.7278,0.4405,9.8067,
667945,0.7278,0.4405,9.8258,
667995,0.7278,0.4405,9.8067,
668046,0.7278,0.4405,9.8067,
668094,0.7278,0.4405,9.8067,
668144,0.7278,0.4405,9.7875,
668195,0.7470,0.4405,9.8067,
668246,0.7278,0.4405,9.8258,
668294,0.7278,0.4405,9.8067,
668345,0.7470,0.4405,9.8067,
668395,0.7470,0.4597,9.8258,
668446,0.7278,0.4405,9.8067,
668494,0.7278,0.4405,9.8258,
668545,0.7470,0.4214,9.8258,
668595,0.7278,0.4405,9.7875,
668646,0.7470,0.4405,9.8067,
668694,0.7470,0.4405,9.8067,
668745,0.7470,0.4405,9.8067,
668796,0.7278,0.4405,9.8258,
668846,0.7470,0.4405,9.8067,
668894,0.7278,0.4405,9.8067,
668944,0.7278,0.4405,9.8067,
668995,0.7278,0.4405,9.8067,
669046,0.7278,0.4214,9.7875,
669094,0.7278,0.4405,9.8067,
669145,0.7278,0.4214,9.8067,
669195,0.7661,0.4405,9.7875,
669245,0.7278,0.4405,9.8067,
669294,0.7278,0.4405,9.8067,
669345,0.7278,0.4405,9.8067,
669395,0.7278,0.4405,9.8067,
669446,0.7278,0.4405,9.8067,
669494,0.7278,0.4405,9.8067,
669545,0.7470,0.4405,9.8067,
669595,0.7278,0.4405,9.8067,
669646,0.7278,0.4405,9.8067,
669694,0.7278,0.4597,9.8067,
669745,0.7278,0.4405,9.8067,
669795,0.7278,0.4405,9.8067,
669846,0.7278,0.4405,9.8067,
669894,0.7278,0.4405,9.8067,
669945,0.7278,0.4214,9.8067,
669995,0.7278,0.4405,9.8258,
670045,0.7278,0.4405,9.7875,
670094,0.7278,0.4405,9.8258,
670145,0.7278,0.4405,9.8067,
670195,0.7278,0.4405,9.8258,
670246,0.7278,0.4405,9.8067,
670294,0.7278,0.4214,9.8067,
670345,0.7470,0.4597,9.8067,
670395,0.7278,0.4405,9.8067,
670446,0.7278,0.4405,9.8067,
670494,0.7278,0.4405,9.8067,
670545,0.7470,0.4405,9.8067,
670596,0.7278,0.4405,9.7875,
670646,0.7278,0.4405,9.8258,
670694,0.7278,0.4405,9.8067,
670745,0.7278,0.4405,9.8067,
670795,0.7278,0.4405,9.8067,
670846,0.7470,0.4405,9.8258,
670894,0.7278,0.4405,9.8067,
670945,0.7278,0.4405,9.8067,
670995,0.7278,0.4405,9.8067,
671046,0.7470,0.4405,9.8067,
671094,0.7278,0.4597,9.7875,
671144,0.7087,0.4405,9.8258,
671195,0.7278,0.4214,9.8067,
671246,0.7278,0.4405,9.7875,
671294,0.7278,0.4405,9.8067,
671344,0.7278,0.4405,9.8067,
671394,0.7278,0.4405,9.8067,
671445,0.7278,0.4405,9.8067,
671494,0.7278,0.4405,9.8067,
671545,0.7278,0.4405,9.8067,
671595,0.7278,0.4405,9.8067,
671645,0.7278,0.4405,9.8067,
671694,0.7278,0.4214,9.8067,
671745,0.7278,0.4405,9.8258,
671795,0.7278,0.4214,9.8067,
671846,0.7278,0.4405,9.8258,
671894,0.7278,0.4405,9.8067,
671945,0.7278,0.4597,9.8067,
671995,0.7470,0.4405,9.8258,
672046,0.7278,0.4214,9.8067,
672094,0.7278,0.4214,9.7875,
672145,0.7278,0.4405,9.8258,
672195,0.7278,0.4405,9.8067,
672245,0.7278,0.4405,9.8067,
672294,0.7278,0.4214,9.8067,
672344,0.7278,0.4405,9.8067,
672395,0.7278,0.4405,9.8067,
672446,0.7470,0.4405,9.8067,
672494,0.7278,0.4214,9.8067,
672545,0.7470,0.4405,9.7875,
672595,0.7278,0.4405,9.8067,
672646,0.7278,0.4405,9.8258,
672694,0.7278,0.4405,9.8067,
672745,0.7470,0.4405,9.8067,
672795,0.7470,0.4405,9.8258,
672846,0.7470,0.4214,9.8067,
672894,0.7278,0.4214,9.8067,
672945,0.7278,0.4405,9.7875,
672995,0.7470,0.4214,9.8067,
673046,0.7470,0.4405,9.8067,
673094,0.7278,0.4214,9.8067,
673145,0.7278,0.4405,9.8067,
673195,0.7470,0.4214,9.8067,
673246,0.7278,0.4214,9.8067,
673294,0.7470,0.4405,9.8067,
673345,0.7470,0.4214,9.8067,
673395,0.7470,0.4405,9.8067,
673446,0.7470,0.4214,9.8067,
673494,0.7470,0.4597,9.8067,
673545,0.7470,0.4405,9.8258,
673595,0.7470,0.4214,9.8067,
673646,0.7470,0.4405,9.8067,
673694,0.7278,0.4405,9.8067,
673745,0.7278,0.4405,9.8258,
673795,0.7470,0.4405,9.8067,
673846,0.7278,0.4214,9.8067,
673894,0.7278,0.4214,9.8067,
673945,0.7278,0.4597,9.8067,
673995,0.7278,0.4405,9.8067,
674046,0.7470,0.4214,9.8067,
674094,0.7470,0.4405,9.8067,
674145,0.7470,0.4405,9.8258,
674195,0.7278,0.4405,9.8067,
674246,0.7278,0.4405,9.8067,
674294,0.7278,0.4405,9.8258,
674345,0.7278,0.4405,9.8258,
674395,0.7278,0.4405,9.8067,
674446,0.7278,0.4214,9.7875,
674494,0.7470,0.4405,9.7875,
674545,0.7470,0.4405,9.8067,
674595,0.7278,0.4405,9.8067,
674646,0.7470,0.4405,9.8067,
674694,0.7470,0.4405,9.7875,
674745,0.7470,0.4214,9.8067,
674795,0.7278,0.4405,9.7875,
674845,0.7278,0.4405,9.8067,
674894,0.7470,0.4405,9.8067,
674945,0.7278,0.4405,9.8258,
674995,0.7470,0.4405,9.8067,
675046,0.7278,0.4405,9.7875,
675094,0.7278,0.4405,9.8067,
675145,0.7278,0.4405,9.8258,
675195,0.7470,0.4214,9.8067,
675246,0.7470,0.4405,9.8067,
675295,0.7278,0.4405,9.8067,
675345,0.7278,0.4405,9.8067,
675395,0.7278,0.4405,9.8067,
675445,0.7278,0.4405,9.8067,
675495,0.7470,0.4214,9.8067,
675545,0.7470,0.4405,9.8067,
675595,0.7278,0.4405,9.8067,
675646,0.7470,0.4405,9.8067,
675695,0.7470,0.4405,9.8067,
675745,0.7470,0.4405,9.7875,
675795,0.7470,0.4405,9.8067,
675846,0.7470,0.4405,9.8258,
675895,0.7278,0.4405,9.8067,
675945,0.7470,0.4214,9.8258,
675995,0.7278,0.4405,9.8067,
676045,0.7470,0.4405,9.8067,
676094,0.7278,0.4405,9.8067,
676145,0.7278,0.4405,9.8067,
676195,0.7278,0.4405,9.8258,
676246,0.7470,0.4405,9.8067,
676295,0.7278,0.4405,9.8067,
676345,0.7470,0.4405,9.8067,
676395,0.7470,0.4405,9.8067,
676446,0.7278,0.4405,9.8258,
676494,0.7278,0.4405,9.8067,
676545,0.7278,0.4405,9.8258,
676594,0.7470,0.4597,9.8067,
676643,0.7278,0.4405,9.8067,
676695,0.7278,0.4405,9.8258,
676745,0.7278,0.4405,9.8067,
676795,0.7278,0.4405,9.8067,
676846,0.7278,0.4214,9.8067,
676893,0.7278,0.4405,9.8067,
676945,0.7278,0.4214,9.8258,
676994,0.7470,0.4405,9.8067,
677045,0.7278,0.4405,9.8258,
677094,0.7278,0.4405,9.8067,
677145,0.7470,0.4405,9.8067,
677195,0.7470,0.4405,9.8067,
677245,0.7278,0.4405,9.8258,
677294,0.7278,0.4405,9.8067,
677345,0.7470,0.4214,9.8067,
677395,0.7278,0.4405,9.8067,
677446,0.7278,0.4405,9.8067,
677495,0.7470,0.4214,9.8067,
677545,0.7470,0.4405,9.8067,
677595,0.7278,0.4405,9.8258,
677646,0.7278,0.4405,9.8067,
677693,0.7278,0.4405,9.8067,
677745,0.7278,0.4405,9.8067,
677795,0.7278,0.4405,9.8067,
677846,0.7278,0.4405,9.7875,
677893,0.7470,0.4405,9.8067,
677945,0.7278,0.4405,9.8067,
677994,0.7278,0.4405,9.8067,
678045,0.7470,0.4405,9.8067,
678093,0.7278,0.4214,9.8067,
678145,0.7278,0.4405,9.8067,
678195,0.7470,0.4405,9.8067,
678246,0.7278,0.4405,9.8067,
678293,0.7278,0.4405,9.7875,
678345,0.7278,0.4214,9.8067,
678395,0.7278,0.4405,9.8067,
678446,0.7278,0.4405,9.8067,
678493,0.7278,0.4405,9.8067,
678545,0.7470,0.4214,9.8067,
678595,0.7470,0.4405,9.8067,
678645,0.7278,0.4405,9.8067,
678693,0.7278,0.4214,9.8067,
678745,0.7470,0.4405,9.8067,
678795,0.7278,0.4405,9.8067,
678846,0.7278,0.4214,9.8067,
678893,0.7470,0.4405,9.8067,
678945,0.7278,0.4405,9.8067,
678995,0.7470,0.4214,9.7875,
679045,0.7278,0.4405,9.8067,
679093,0.7278,0.4405,9.8067,
679145,0.7278,0.4405,9.8067,
679195,0.7470,0.4214,9.8067,
679246,0.7470,0.4405,9.8067,
679294,0.7278,0.4405,9.8067,
679345,0.7278,0.4405,9.7875,
679395,0.7278,0.4214,9.8067,
679446,0.7278,0.4214,9.8067,
679493,0.7470,0.4405,9.8067,
679545,0.7470,0.4214,9.8067,
679595,0.7278,0.4405,9.8067,
679646,0.7470,0.4405,9.8258,
679693,0.7470,0.4405,9.8258,
679745,0.7278,0.4214,9.8258,
679795,0.7470,0.4214,9.8067,
679846,0.7278,0.4405,9.8067,
679893,0.7470,0.4405,9.8258,
679945,0.7278,0.4405,9.8067,
679995,0.7470,0.4214,9.8067,
680046,0.7278,0.4214,9.8067,
680094,0.7470,0.4405,9.8067,
680145,0.7278,0.4405,9.8067,
680195,0.7278,0.4405,9.8067,
680246,0.7470,0.4405,9.8067,
680294,0.7470,0.4214,9.8067,
680345,0.7278,0.4214,9.8067,
680395,0.7470,0.4405,9.7875,
680446,0.7278,0.4405,9.8067,
680494,0.7470,0.4405,9.8067,
680545,0.7278,0.4405,9.7875,
680595,0.7278,0.4405,9.8258,
680646,0.7470,0.4214,9.8067,
680694,0.7278,0.4405,9.8067,
680745,0.7470,0.4405,9.8067,
680795,0.7470,0.4405,9.8067,
680846,0.7470,0.4405,9.8067,
680894,0.7470,0.4214,9.8067,
680945,0.7278,0.4214,9.8067,
680995,0.7470,0.4405,9.7875,
681045,0.7470,0.4214,9.8258,
681094,0.7470,0.4405,9.8258,
681145,0.7278,0.4214,9.8258,
681195,0.7470,0.4214,9.8067,
681246,0.7278,0.4405,9.8258,
681294,0.7470,0.4405,9.8067,
681345,0.7470,0.4405,9.7875,
681395,0.7470,0.4214,9.8258,
681446,0.7470,0.4214,9.7875,
681494,0.7278,0.4405,9.8067,
681545,0.7470,0.4214,9.8067,
681595,0.7470,0.4405,9.8067,
681646,0.7470,0.4405,9.8067,
681694,0.7278,0.4405,9.8067,
681745,0.7470,0.4405,9.8067,
681795,0.7470,0.4405,9.8067,
681846,0.7470,0.4214,9.8067,
681894,0.7470,0.4214,9.7875,
681945,0.7470,0.4405,9.8067,
681995,0.7470,0.4405,9.8258,
682043,0.7470,0.4214,9.8067,
682093,0.7470,0.4214,9.8067,
682145,0.7470,0.4214,9.8067,
682195,0.7470,0.4214,9.8067,
682246,0.7470,0.4405,9.8067,
682293,0.7470,0.4405,9.8067,
682345,0.7470,0.4405,9.8067,
682395,0.7470,0.4405,9.8067,
682446,0.7470,0.4405,9.8067,
682494,0.7470,0.4405,9.8067,
682545,0.7470,0.4214,9.8067,
682595,0.7278,0.4405,9.8067,
682646,0.7470,0.4405,9.8067,
682694,0.7278,0.4405,9.8067,
682745,0.7470,0.4214,9.8258,
682795,0.7470,0.4597,9.8067,
682846,0.7278,0.4214,9.8067,
682894,0.7470,0.4405,9.8067,
682945,0.7470,0.4405,9.8067,
682995,0.7470,0.4405,9.7875,
683046,0.7278,0.4214,9.8067,
683094,0.7470,0.4405,9.7875,
683145,0.7278,0.4405,9.8067,
683195,0.7470,0.4214,9.7875,
683246,0.7470,0.4214,9.7875,
683294,0.7470,0.4405,9.8067,
683345,0.7470,0.4405,9.8067,
683395,0.7278,0.4405,9.8067,
683446,0.7470,0.4405,9.8258,
683494,0.7470,0.4597,9.8067,
683545,0.7470,0.4214,9.8067,
683595,0.7470,0.4405,9.8067,
683646,0.7278,0.4405,9.8067,
683694,0.7470,0.4405,9.7875,
683744,0.7470,0.4405,9.8067,
683795,0.7470,0.4405,9.8067,
683846,0.7278,0.4405,9.8067,
683894,0.7470,0.4214,9.8067,
683944,0.7470,0.4405,9.8067,
683995,0.7278,0.4405,9.8067,
684046,0.7470,0.4405,9.8067,
684094,0.7278,0.4405,9.8067,
684145,0.7470,0.4214,9.8067,
684195,0.7470,0.4405,9.8067,
684245,0.7278,0.4405,9.7875,
684294,0.7278,0.4405,9.8067,
684345,0.7470,0.4405,9.8067,
684395,0.7278,0.4405,9.8067,
684446,0.7278,0.4405,9.8067,
684494,0.7470,0.4405,9.8067,
684545,0.7470,0.4405,9.8067,
684595,0.7470,0.4214,9.8067,
684646,0.7278,0.4405,9.8067,
684694,0.7470,0.4405,9.8067,
684745,0.7470,0.4405,9.7875,
684795,0.7470,0.4597,9.8067,
684846,0.7470,0.4405,9.8258,
684894,0.7470,0.4214,9.7875,
684945,0.7278,0.4405,9.8067,
684995,0.7278,0.4405,9.8067,
685044,0.7278,0.4405,9.8067,
685095,0.7470,0.4214,9.8067,
685145,0.7470,0.4405,9.8067,
685195,0.7278,0.4214,9.8067,
685246,0.7470,0.4405,9.8067,
685294,0.7278,0.4405,9.8258,
685345,0.7278,0.4405,9.8067,
685395,0.7278,0.4214,9.8067,
685446,0.7278,0.4214,9.8067,
685494,0.7470,0.4214,9.8067,
685545,0.7278,0.4405,9.8067,
685595,0.7278,0.4405,9.8067,
685646,0.7470,0.4405,9.8258,
685694,0.7278,0.4405,9.8067,
685745,0.7278,0.4405,9.8067,
685795,0.7278,0.4405,9.8067,
685846,0.7470,0.4214,9.8067,
685894,0.7278,0.4214,9.8067,
685945,0.7470,0.4405,9.8067,
685995,0.7278,0.4214,9.7875,
686046,0.7278,0.4214,9.8067,
686095,0.7470,0.4214,9.8067,
686145,0.7470,0.4214,9.7875,
686195,0.7470,0.4405,9.8258,
686246,0.7470,0.4214,9.8067,
686294,0.7278,0.4405,9.8067,
686345,0.7470,0.4214,9.8067,
686395,0.7470,0.4405,9.8067,
686446,0.7470,0.4405,9.8067,
686494,0.7278,0.4214,9.8067,
686545,0.7470,0.4405,9.7875,
686595,0.7470,0.4405,9.8258,
686646,0.7470,0.4022,9.7875,
686694,0.7470,0.4405,9.8067,
686745,0.7278,0.4405,9.8067,
686795,0.7661,0.4405,9.8067,
686846,0.7470,0.4214,9.8067,
686894,0.7470,0.4214,9.8067,
686945,0.7470,0.4405,9.8067,
686995,0.7470,0.4405,9.8067,
687046,0.7470,0.4214,9.8067,
687094,0.7470,0.4214,9.8067,
687145,0.7470,0.4405,9.8067,
687195,0.7470,0.4405,9.8067,
687246,0.7470,0.4022,9.8067,
687294,0.7470,0.4405,9.8067,
687345,0.7278,0.4214,9.8258,
687395,0.7470,0.4214,9.8067,
687446,0.7470,0.4405,9.7875,
687494,0.7470,0.4405,9.8067,
687545,0.7470,0.4214,9.8067,
687594,0.7470,0.4405,9.8067,
687646,0.7470,0.4405,9.8067,
687694,0.7470,0.4405,9.8067,
687745,0.7278,0.4405,9.8067,
687795,0.7470,0.4405,9.8067,
687846,0.7470,0.4214,9.8067,
687894,0.7470,0.4405,9.8067,
687945,0.7470,0.4214,9.8258,
687995,0.7470,0.4405,9.8067,
688045,0.7470,0.4214,9.8067,
688094,0.7278,0.4214,9.7875,
688145,0.7470,0.4214,9.8067,
688195,0.7470,0.4405,9.8067,
688245,0.7470,0.4214,9.8067,
688294,0.7470,0.4214,9.8067,
688344,0.7470,0.4214,9.8067,
688395,0.7470,0.4214,9.8067,
688446,0.7470,0.4405,9.8067,
688495,0.7470,0.4214,9.8067,
688545,0.7470,0.4214,9.8067,
688595,0.7470,0.4214,9.8067,
688646,0.7470,0.4214,9.8067,
688694,0.7470,0.4214,9.8067,
688745,0.7470,0.4214,9.8258,
688795,0.7470,0.4022,9.8067,
688846,0.7470,0.4214,9.8067,
688895,0.7470,0.4214,9.8258,
688945,0.7470,0.4214,9.8258,
688995,0.7470,0.4214,9.8067,
689046,0.7470,0.4214,9.8067,
689095,0.7470,0.4214,9.8067,
689145,0.7470,0.4214,9.8258,
689195,0.7470,0.4214,9.8067,
689245,0.7278,0.4214,9.8067,
689295,0.7470,0.4214,9.7875,
689345,0.7470,0.4214,9.8067,
689395,0.7470,0.4214,9.8067,
689446,0.7470,0.4214,9.7875,
689495,0.7470,0.4214,9.7875,
689544,0.7470,0.4214,9.7875,
689595,0.7470,0.4405,9.8067,
689646,0.7470,0.4405,9.7875,
689695,0.7470,0.4214,9.8258,
689745,0.7661,0.4405,9.8067,
689795,0.7470,0.4405,9.8258,
689846,0.7470,0.4405,9.8067,
689895,0.7470,0.4214,9.8067,
689945,0.7470,0.4405,9.8067,
689995,0.7661,0.4405,9.8067,
690046,0.7470,0.4214,9.8067,
690095,0.7470,0.4405,9.8067,
690145,0.7470,0.4214,9.8067,
690195,0.7470,0.4214,9.7875,
690246,0.7278,0.4214,9.7875,
690295,0.7470,0.4214,9.8067,
690345,0.7470,0.4405,9.8067,
690395,0.7661,0.4214,9.7875,
690446,0.7278,0.4214,9.8067,
690495,0.7470,0.4214,9.8067,
690544,0.7470,0.4405,9.8067,
690595,0.7470,0.4405,9.8067,
690646,0.7470,0.4405,9.8067,
690695,0.7470,0.4214,9.8258,
690745,0.7470,0.4405,9.7875,
690795,0.7470,0.4405,9.8067,
690845,0.7661,0.4405,9.8067,
690895,0.7470,0.4214,9.7875,
690945,0.7470,0.4597,9.8258,
690995,0.7470,0.4405,9.8258,
691045,0.7470,0.4214,9.8067,
691095,0.7278,0.4405,9.8067,
691145,0.7278,0.4405,9.8067,
691195,0.7278,0.4405,9.8067,
691245,0.7470,0.4405,9.7875,
691294,0.7470,0.4405,9.8067,
691345,0.7470,0.4405,9.8067,
691395,0.7278,0.4405,9.8067,
691445,0.7278,0.4405,9.8067,
691494,0.7470,0.4405,9.8067,
691547,0.7470,0.4405,9.8067,
691595,0.7278,0.4405,9.8067,
691646,0.7278,0.4405,9.8067,
691695,0.7470,0.4214,9.8067,
691745,0.7470,0.4405,9.7875,
691795,0.7470,0.4405,9.8067,
691846,0.7470,0.4405,9.8067,
691895,0.7470,0.4214,9.7875,
691945,0.7470,0.4405,9.8067,
691995,0.7278,0.4405,9.8067,
692046,0.7470,0.4405,9.8067,
692095,0.7470,0.4405,9.8258,
692145,0.7470,0.4214,9.8067,
692195,0.7470,0.4405,9.8067,
692245,0.7470,0.4405,9.8067,
692295,0.7470,0.4214,9.8258,
692345,0.7470,0.4405,9.8258,
692395,0.7470,0.4405,9.8067,
692445,0.7470,0.4214,9.8067,
692495,0.7470,0.4214,9.8067,
692547,0.7470,0.4214,9.8067,
692595,0.7470,0.4405,9.8067,
692646,0.7470,0.4405,9.8067,
692695,0.7470,0.4405,9.7875,
692745,0.7470,0.4214,9.8067,
692795,0.7470,0.4214,9.7875,
692846,0.7470,0.4405,9.8067,
692895,0.7470,0.4405,9.8067,
692945,0.7470,0.4405,9.8067,
692995,0.7470,0.4405,9.8258,
693046,0.7470,0.4214,9.8067,
693095,0.7470,0.4214,9.8258,
693144,0.7470,0.4405,9.8067,
693195,0.7470,0.4214,9.8067,
693245,0.7470,0.4214,9.8067,
693295,0.7470,0.4405,9.8067,
693345,0.7470,0.4405,9.8067,
693395,0.7470,0.4405,9.8067,
693445,0.7278,0.4214,9.8067,
693494,0.7470,0.4214,9.8067,
693544,0.7470,0.4405,9.8067,
693595,0.7661,0.4022,9.8067,
693646,0.7470,0.4214,9.8067,
693695,0.7470,0.4405,9.8067,
693745,0.7470,0.4214,9.8067,
693795,0.7470,0.4405,9.8067,
693846,0.7470,0.4405,9.8067,
693895,0.7470,0.4405,9.8067,
693945,0.7470,0.4214,9.8067,
693995,0.7470,0.4214,9.8067,
694043,0.7470,0.4214,9.8258,
694094,0.7661,0.4214,9.8067,
694145,0.7661,0.4405,9.8067,
694195,0.7470,0.4214,9.8067,
694246,0.7661,0.4214,9.8067,
694294,0.7661,0.4405,9.8258,
694345,0.7470,0.4214,9.8067,
694395,0.7470,0.4405,9.8067,
694446,0.7470,0.4405,9.8067,
694495,0.7661,0.4405,9.8067,
694544,0.7470,0.4405,9.8067,
694595,0.7661,0.4214,9.8067,
694646,0.7470,0.4214,9.8067,
694695,0.7470,0.4405,9.8067,
694745,0.7470,0.4405,9.8258,
694795,0.7470,0.4214,9.8258,
694846,0.7470,0.4405,9.8067,
694895,0.7470,0.4405,9.7875,
694945,0.7661,0.4405,9.8067,
694995,0.7661,0.4405,9.8258,
695046,0.7470,0.4405,9.7875,
695095,0.7470,0.4405,9.8067,
695145,0.7470,0.4405,9.8258,
695195,0.7470,0.4405,9.8067,
695245,0.7470,0.4214,9.8067,
695295,0.7661,0.4405,9.8067,
695344,0.7470,0.4214,9.8067,
695394,0.7470,0.4214,9.8067,
695445,0.7470,0.4405,9.8067,
695496,0.7470,0.4214,9.8067,
695545,0.7470,0.4405,9.8067,
695595,0.7470,0.4405,9.8258,
695645,0.7470,0.4405,9.7875,
695695,0.7661,0.4405,9.8258,
695745,0.7470,0.4214,9.7875,
695795,0.7470,0.4405,9.8067,
695846,0.7470,0.4214,9.8067,
695895,0.7470,0.4405,9.8067,
695945,0.7470,0.4405,9.7875,
695995,0.7470,0.4214,9.8258,
696046,0.7470,0.4405,9.8067,
696095,0.7470,0.4214,9.8067,
696146,0.7470,0.4405,9.8067,
696195,0.7661,0.4214,9.8067,
696245,0.7661,0.4405,9.8067,
696295,0.7661,0.4405,9.8067,
696345,0.7470,0.4214,9.7875,
696395,0.7470,0.4405,9.7875,
696446,0.7470,0.4405,9.8067,
696495,0.7470,0.4214,9.8258,
696545,0.7470,0.4214,9.8067,
696594,0.7470,0.4214,9.8067,
696643,0.7470,0.4405,9.8258,
696695,0.7470,0.4214,9.8067,
696744,0.7470,0.4214,9.8067,
696795,0.7661,0.4214,9.8067,
696846,0.7470,0.4405,9.8067,
696896,0.7470,0.4405,9.8067,
696945,0.7470,0.4214,9.8067,
696995,0.7470,0.4405,9.8067,
697045,0.7470,0.4405,9.8067,
697094,0.7470,0.4405,9.7875,
697144,0.7470,0.4405,9.8067,
697195,0.7470,0.4214,9.8067,
697245,0.7470,0.4405,9.8258,
697293,0.7278,0.4214,9.8067,
697345,0.7470,0.4405,9.8067,
697395,0.7470,0.4405,9.8258,
697445,0.7661,0.4405,9.8067,
697494,0.7470,0.4214,9.8067,
697544,0.7470,0.4214,9.8067,
697595,0.7470,0.4405,9.8067,
697646,0.7470,0.4405,9.8067,
697695,0.7470,0.4405,9.8067,
697745,0.7470,0.4405,9.8067,
697795,0.7661,0.4214,9.8067,
697846,0.7470,0.4405,9.8067,
697895,0.7470,0.4405,9.7875,
697945,0.7278,0.4405,9.8067,
697995,0.7470,0.4405,9.8067,
698046,0.7470,0.4405,9.8067,
698095,0.7470,0.4405,9.8067,
698145,0.7470,0.4405,9.8067,
698195,0.7470,0.4405,9.8067,
698246,0.7470,0.4405,9.8067,
698295,0.7470,0.4405,9.8067,
698345,0.7470,0.4405,9.8067,
698395,0.7470,0.4405,9.8067,
698446,0.7470,0.4405,9.7875,
698495,0.7278,0.4405,9.8067,
698545,0.7470,0.4405,9.7875,
698595,0.7470,0.4405,9.7875,
698646,0.7470,0.4405,9.8067,
698695,0.7470,0.4214,9.8067,
698745,0.7470,0.4405,9.7875,
698795,0.7470,0.4214,9.8067,
698846,0.7470,0.4405,9.8067,
698893,0.7470,0.4405,9.8067,
698945,0.7470,0.4405,9.8067,
698995,0.7470,0.4405,9.7875,
699046,0.7470,0.4405,9.8258,
699095,0.7470,0.4405,9.8067,
699145,0.7278,0.4405,9.8067,
699195,0.7470,0.4405,9.8258,
699245,0.7470,0.4405,9.8067,
699295,0.7470,0.4405,9.8067,
699345,0.7661,0.4214,9.8258,
699395,0.7470,0.4597,9.7875,
699446,0.7278,0.4405,9.8258,
699495,0.7470,0.4214,9.7875,
699545,0.7470,0.4405,9.8067,
699595,0.7470,0.4597,9.8067,
699646,0.7470,0.4405,9.8258,
699695,0.7278,0.4214,9.8067,
699745,0.7470,0.4405,9.8067,
699795,0.7470,0.4405,9.8067,
699846,0.7470,0.4405,9.8067,
699895,0.7470,0.4214,9.8258,
699945,0.7470,0.4405,9.8067,
699995,0.7470,0.4405,9.8067,
700044,0.7470,0.4214,9.8067,
700093,0.7470,0.4405,9.8067,
700145,0.7470,0.4405,9.8067,
700195,0.7470,0.4405,9.8067,
700245,0.7470,0.4214,9.8067,
700295,0.7470,0.4405,9.8067,
700345,0.7470,0.4214,9.8067,
700395,0.7470,0.4214,9.8067,
700446,0.7470,0.4405,9.7875,
700495,0.7470,0.4214,9.8258,
700545,0.7470,0.4405,9.8258,
700595,0.7470,0.4214,9.8067,
700645,0.7470,0.4405,9.8067,
700695,0.7470,0.4405,9.8258,
700745,0.7470,0.4405,9.8067,
700795,0.7470,0.4405,9.8067,
700846,0.7470,0.4214,9.8067,
700895,0.7470,0.4214,9.8067,
700945,0.7470,0.4405,9.8067,
700995,0.7470,0.4214,9.8067,
701045,0.7661,0.4214,9.8067,
701095,0.7661,0.4214,9.8067,
701145,0.7470,0.4214,9.8258,
701195,0.7470,0.4214,9.7875,
701245,0.7470,0.4214,9.8258,
701295,0.7661,0.4214,9.8067,
701345,0.7470,0.4405,9.8258,
701395,0.7661,0.4214,9.8067,
701446,0.7661,0.4214,9.8067,
701495,0.7661,0.4214,9.8067,
701545,0.7470,0.4214,9.8067,
701595,0.7661,0.4214,9.8067,
701646,0.7661,0.4214,9.8258,
701695,0.7470,0.4214,9.8067,
701745,0.7470,0.4214,9.8067,
701795,0.7661,0.4405,9.8067,
701846,0.7661,0.4214,9.8067,
701895,0.7661,0.4214,9.8067,
701945,0.7470,0.4405,9.8067,
701995,0.7470,0.4405,9.8258,
702046,0.7661,0.4214,9.8067,
702095,0.7470,0.4405,9.8067,
702145,0.7470,0.4214,9.8067,
702194,0.7661,0.4214,9.8258,
702246,0.7661,0.4214,9.8067,
702294,0.7470,0.4214,9.8067,
702345,0.7470,0.4405,9.8258,
702395,0.7661,0.4405,9.8067,
702446,0.7661,0.4405,9.8067,
702495,0.7661,0.4405,9.8067,
702545,0.7661,0.4214,9.8067,
702595,0.7470,0.4214,9.7875,
702646,0.7470,0.4405,9.8067,
702695,0.7661,0.4214,9.8067,
702745,0.7470,0.4214,9.8067,
702795,0.7661,0.4214,9.8067,
702846,0.7470,0.4214,9.8067,
702895,0.7470,0.4405,9.8067,
702945,0.7470,0.4405,9.8067,
702995,0.7470,0.4214,9.7875,
703044,0.7470,0.4405,9.8067,
703094,0.7470,0.4405,9.8067,
703145,0.7470,0.4405,9.8067,
703195,0.7470,0.4405,9.8067,
703244,0.7470,0.4214,9.8067,
703294,0.7470,0.4214,9.8067,
703345,0.7661,0.4405,9.8067,
703395,0.7661,0.4405,9.8067,
703446,0.7470,0.4405,9.8067,
703495,0.7661,0.4214,9.7875,
703545,0.7470,0.4405,9.8067,
703595,0.7470,0.4405,9.8067,
703646,0.7661,0.4405,9.8067,
703695,0.7470,0.4405,9.8258,
703745,0.7470,0.4214,9.8067,
703795,0.7470,0.4405,9.8067,
703846,0.7470,0.4405,9.8067,
703895,0.7470,0.4214,9.8067,
703945,0.7470,0.4405,9.8258,
703995,0.7470,0.4405,9.8067,
704046,0.7661,0.4405,9.8067,
704095,0.7470,0.4214,9.8258,
704145,0.7470,0.4214,9.7875,
704195,0.7470,0.4405,9.8067,
704246,0.7470,0.4405,9.8067,
704295,0.7470,0.4405,9.8258,
704345,0.7470,0.4405,9.8067,
704395,0.7470,0.4214,9.8067,
704446,0.7470,0.4214,9.8067,
704495,0.7470,0.4214,9.8067,
704545,0.7470,0.4405,9.8067,
704595,0.7661,0.4405,9.8067,
704646,0.7470,0.4405,9.8067,
704695,0.7470,0.4405,9.8067,
704745,0.7470,0.4405,9.7875,
704795,0.7470,0.4405,9.8067,
704846,0.7470,0.4405,9.8067,
704895,0.7470,0.4405,9.8067,
704945,0.7470,0.4214,9.8067,
704995,0.7470,0.4405,9.8258,
705046,0.7470,0.4405,9.8258,
705095,0.7470,0.4597,9.8067,
705145,0.7470,0.4405,9.8258,
705195,0.7278,0.4405,9.8067,
705245,0.7470,0.4405,9.8067,
705295,0.7470,0.4405,9.8067,
705345,0.7470,0.4405,9.8067,
705395,0.7470,0.4405,9.7875,
705445,0.7470,0.4405,9.8067,
705495,0.7470,0.4405,9.7875,
705545,0.7470,0.4597,9.8067,
705595,0.7470,0.4405,9.8067,
705646,0.7661,0.4405,9.8067,
705695,0.7470,0.4405,9.8258,
705745,0.7470,0.4405,9.8067,
705795,0.7470,0.4214,9.8258,
705846,0.7470,0.4405,9.8067,
705895,0.7470,0.4214,9.8067,
705945,0.7470,0.4405,9.8067,
705995,0.7470,0.4214,9.8258,
706045,0.7470,0.4405,9.8067,
706094,0.7470,0.4405,9.8258,
706145,0.7470,0.4214,9.8067,
706195,0.7470,0.4405,9.8067,
706245,0.7470,0.4405,9.8067,
706295,0.7470,0.4405,9.8067,
706345,0.7470,0.4405,9.8067,
706395,0.7278,0.4405,9.8258,
706446,0.7470,0.4405,9.8258,
706495,0.7470,0.4405,9.8067,
706545,0.7470,0.4405,9.8067,
706595,0.7470,0.4405,9.8067,
706646,0.7470,0.4405,9.8067,
706695,0.7470,0.4405,9.7875,
706745,0.7470,0.4405,9.8067,
706795,0.7470,0.4214,9.8067,
706846,0.7470,0.4405,9.8067,
706894,0.7470,0.4405,9.8067,
706945,0.7470,0.4405,9.8258,
706995,0.7470,0.4214,9.8067,
707046,0.7470,0.4214,9.7875,
707095,0.7470,0.4214,9.8067,
707145,0.7661,0.4405,9.8258,
707195,0.7470,0.4405,9.8067,
707245,0.7470,0.4214,9.8067,
707295,0.7470,0.4214,9.8258,
707345,0.7470,0.4405,9.8067,
707395,0.7470,0.4405,9.8067,
707446,0.7470,0.4214,9.8067,
707495,0.7470,0.4214,9.8067,
707545,0.7470,0.4214,9.8258,
707594,0.7470,0.4405,9.8258,
707646,0.7661,0.4214,9.8067,
707695,0.7470,0.4214,9.8067,
707745,0.7470,0.4405,9.8067,
707795,0.7661,0.4214,9.8258,
707846,0.7470,0.4214,9.8258,
707895,0.7470,0.4405,9.8067,
707945,0.7661,0.4214,9.8067,
707995,0.7470,0.4405,9.8067,
708046,0.7470,0.4214,9.8067,
708095,0.7470,0.4405,9.8067,
708145,0.7470,0.4214,9.8067,
708195,0.7470,0.4214,9.8067,
708244,0.7661,0.4214,9.8067,
708295,0.7661,0.4405,9.8067,
708344,0.7470,0.4405,9.8067,
708395,0.7470,0.4405,9.7875,
708446,0.7661,0.4405,9.7875,
708494,0.7661,0.4214,9.8067,
708543,0.7470,0.4214,9.8067,
708594,0.7470,0.4405,9.8067,
708644,0.7661,0.4405,9.8067,
708695,0.7470,0.4214,9.8067,
708745,0.7470,0.4214,9.8067,
708795,0.7470,0.4405,9.8067,
708845,0.7470,0.4214,9.8067,
708894,0.7470,0.4405,9.8067,
708945,0.7470,0.4405,9.8067,
708995,0.7470,0.4405,9.8067,
709043,0.7661,0.4214,9.8258,
709094,0.7661,0.4405,9.7875,
709145,0.7470,0.4405,9.8067,
709195,0.7470,0.4214,9.8258,
709246,0.7470,0.4214,9.8067,
709294,0.7470,0.4405,9.8258,
709345,0.7661,0.4405,9.8258,
709395,0.7470,0.4405,9.8067,
709446,0.7470,0.4214,9.8067,
709494,0.7470,0.4214,9.8067,
709545,0.7470,0.4405,9.8067,
709595,0.7470,0.4405,9.8067,
709645,0.7470,0.4214,9.8067,
709694,0.7470,0.4405,9.8067,
709745,0.7470,0.4405,9.8067,
709795,0.7661,0.4405,9.8067,
709846,0.7470,0.4405,9.8258,
709895,0.7470,0.4214,9.8067,
709945,0.7661,0.4405,9.8067,
709995,0.7470,0.4405,9.7875,
710046,0.7470,0.4405,9.7875,
710095,0.7470,0.4405,9.8067,
710145,0.7470,0.4405,9.8067,
710195,0.7470,0.4214,9.8067,
710246,0.7470,0.4214,9.7875,
710295,0.7470,0.4214,9.8067,
710345,0.7470,0.4214,9.8067,
710395,0.7661,0.4214,9.8258,
710446,0.7470,0.4405,9.8067,
710495,0.7470,0.4214,9.8067,
710544,0.7470,0.4405,9.8258,
710594,0.7661,0.4214,9.8067,
710645,0.7470,0.4214,9.8067,
710694,0.7470,0.4405,9.8258,
710745,0.7661,0.4405,9.8258,
710795,0.7470,0.4214,9.8067,
710844,0.7470,0.4405,9.8067,
710894,0.7661,0.4405,9.8067,
710945,0.7470,0.4405,9.8067,
710995,0.7470,0.4405,9.8067,
711045,0.7470,0.4214,9.8067,
711094,0.7470,0.4405,9.8067,
711145,0.7470,0.4405,9.8067,
711194,0.7470,0.4214,9.8067,
711245,0.7470,0.4405,9.8067,
711294,0.7661,0.4405,9.8067,
711344,0.7661,0.4405,9.8258,
711393,0.7470,0.4405,9.8067,
711444,0.7661,0.4214,9.8067,
711494,0.7470,0.4405,9.8067,
711545,0.7470,0.4405,9.8067,
711595,0.7470,0.4405,9.8067,
711645,0.7470,0.4405,9.8067,
711694,0.7661,0.4405,9.8067,
711745,0.7470,0.4405,9.8258,
711795,0.7470,0.4214,9.8067,
711845,0.7470,0.4405,9.8067,
711894,0.7470,0.4405,9.8067,
711945,0.7470,0.4405,9.7875,
711995,0.7470,0.4405,9.8067,
712045,0.7470,0.4214,9.8067,
712094,0.7278,0.4405,9.8067,
712145,0.7470,0.4405,9.7875,
712195,0.7470,0.4405,9.8067,
712245,0.7470,0.4405,9.8067,
712294,0.7470,0.4405,9.8067,
712345,0.7470,0.4405,9.8067,
712395,0.7470,0.4405,9.8258,
712445,0.7470,0.4405,9.8067,
712494,0.7470,0.4405,9.8258,
712545,0.7470,0.4405,9.8067,
712595,0.7470,0.4405,9.8067,
712645,0.7470,0.4405,9.8258,
712694,0.7470,0.4405,9.8258,
712745,0.7470,0.4405,9.8067,
712795,0.7470,0.4405,9.8067,
712845,0.7661,0.4405,9.8067,
712894,0.7470,0.4405,9.8067,
712945,0.7470,0.4214,9.8067,
712995,0.7470,0.4214,9.8067,
713045,0.7470,0.4405,9.8067,
713094,0.7470,0.4405,9.8067,
713145,0.7470,0.4405,9.8067,
713195,0.7470,0.4405,9.8258,
713245,0.7470,0.4405,9.8067,
713294,0.7661,0.4214,9.8067,
713345,0.7470,0.4405,9.8067,
713395,0.7470,0.4214,9.8067,
713445,0.7470,0.4405,9.8067,
713494,0.7470,0.4214,9.8067,
713545,0.7470,0.4405,9.8067,
713595,0.7470,0.4214,9.8067,
713645,0.7470,0.4214,9.8067,
713694,0.7470,0.4405,9.8258,
713745,0.7470,0.4405,9.8258,
713795,0.7470,0.4214,9.7875,
713844,0.7470,0.4214,9.8067,
713894,0.7661,0.4405,9.8067,
713945,0.7470,0.4214,9.8067,
713995,0.7470,0.4405,9.8067,
714045,0.7470,0.4214,9.8067,
714094,0.7470,0.4214,9.8067,
714145,0.7470,0.4214,9.8067,
714195,0.7470,0.4214,9.8067,
714245,0.7278,0.4214,9.8067,
714294,0.7661,0.4214,9.7875,
714345,0.7661,0.4405,9.8067,
714395,0.7470,0.4214,9.8258,
714445,0.7470,0.4214,9.8067,
714494,0.7470,0.4405,9.8067,
714545,0.7470,0.4214,9.8067,
714595,0.7470,0.4214,9.8067,
714645,0.7470,0.4214,9.8067,
714694,0.7661,0.4214,9.8258,
714745,0.7470,0.4214,9.8258,
714795,0.7470,0.4214,9.8067,
714845,0.7661,0.4214,9.8067,
714894,0.7470,0.4214,9.8067,
714945,0.7470,0.4214,9.8067,
714995,0.7470,0.4214,9.8067,
715045,0.7661,0.4214,9.7875,
715094,0.7470,0.4405,9.8067,
715145,0.7661,0.4214,9.8067,
715195,0.7470,0.4214,9.8067,
715245,0.7470,0.4405,9.8067,
715294,0.7470,0.4214,9.8258,
715345,0.7470,0.4405,9.8067,
715395,0.7470,0.4214,9.8067,
715445,0.7661,0.4214,9.8258,
715494,0.7470,0.4405,9.8067,
715545,0.7661,0.4214,9.8258,
715595,0.7661,0.4214,9.8067,
715645,0.7661,0.4214,9.8067,
715695,0.7661,0.4022,9.8067,
715745,0.7661,0.4405,9.8067,
715795,0.7661,0.4214,9.8067,
715845,0.7470,0.4214,9.8067,
715894,0.7470,0.4214,9.8067,
715945,0.7470,0.4405,9.8067,
715995,0.7661,0.4214,9.8067,
716045,0.7661,0.4214,9.7875,
716095,0.7661,0.4214,9.8258,
716145,0.7470,0.4214,9.8067,
716195,0.7661,0.4214,9.8067,
716245,0.7470,0.4214,9.8067,
716295,0.7661,0.4214,9.8067,
716345,0.7470,0.4405,9.8067,
716395,0.7661,0.4214,9.8067,
716445,0.7661,0.4405,9.7875,
716495,0.7661,0.4214,9.8067,
716544,0.7470,0.4214,9.8258,
716593,0.7470,0.4405,9.8067,
716644,0.7470,0.4405,9.8067,
716695,0.7470,0.4214,9.8258,
716745,0.7661,0.4214,9.8067,
716795,0.7661,0.4405,9.8067,
716845,0.7470,0.4214,9.8067,
716895,0.7661,0.4405,9.8067,
716944,0.7470,0.4214,9.8067,
716993,0.7661,0.4214,9.8258,
717044,0.7470,0.4214,9.8067,
717094,0.7661,0.4405,9.8067,
717145,0.7470,0.4405,9.8067,
717195,0.7470,0.4214,9.8067,
717245,0.7470,0.4405,9.8067,
717294,0.7470,0.4214,9.8067,
717345,0.7470,0.4214,9.8067,
717395,0.7470,0.4405,9.8067,
717446,0.7661,0.4405,9.8067,
717495,0.7661,0.4214,9.8258,
717543,0.7661,0.4214,9.8067,
717595,0.7470,0.4405,9.8067,
717646,0.7470,0.4214,9.8067,
717694,0.7661,0.4214,9.8067,
717745,0.7470,0.4214,9.8067,
717795,0.7661,0.4214,9.8258,
717845,0.7470,0.4214,9.8067,
717895,0.7470,0.4405,9.8258,
717945,0.7661,0.4405,9.8258,
717995,0.7470,0.4405,9.8067,
718043,0.7661,0.4214,9.8067,
718093,0.7470,0.4405,9.8067,
718145,0.7470,0.4214,9.8258,
718195,0.7470,0.4405,9.8067,
718245,0.7470,0.4405,9.8258,
718294,0.7661,0.4214,9.8067,
718345,0.7470,0.4214,9.7875,
718395,0.7470,0.4405,9.8067,
718445,0.7470,0.4405,9.8067,
718494,0.7470,0.4214,9.8067,
718545,0.7470,0.4405,9.8067,
718594,0.7470,0.4405,9.8258,
718646,0.7470,0.4405,9.8067,
718695,0.7661,0.4405,9.8067,
718744,0.7470,0.4214,9.8067,
718794,0.7470,0.4405,9.8067,
718844,0.7470,0.4405,9.8258,
718894,0.7470,0.4405,9.8258,
718945,0.7470,0.4405,9.8067,
718995,0.7470,0.4405,9.8067,
719045,0.7470,0.4214,9.8067,
719095,0.7470,0.4405,9.8067,
719145,0.7470,0.4405,9.8067,
719195,0.7470,0.4405,9.8258,
719245,0.7470,0.4214,9.8067,
719295,0.7470,0.4405,9.8067,
719345,0.7470,0.4405,9.8258,
719395,0.7470,0.4405,9.8067,
719444,0.7470,0.4214,9.8067,
719494,0.7470,0.4405,9.8067,
719545,0.7470,0.4405,9.8067,
719595,0.7470,0.4405,9.8067,
719646,0.7470,0.4214,9.7875,
719695,0.7470,0.4405,9.8067,
719745,0.7470,0.4214,9.8067,
719795,0.7470,0.4405,9.8067,
719846,0.7470,0.4214,9.8067,
719894,0.7470,0.4405,9.8258,
719945,0.7470,0.4405,9.8067,
719994,0.7661,0.4405,9.8067,
720046,0.7470,0.4405,9.8258,
720095,0.7470,0.4405,9.8067,
720145,0.7470,0.4214,9.8067,
720195,0.7470,0.4405,9.8067,
720245,0.7470,0.4405,9.8258,
720295,0.7470,0.4214,9.8067,
720345,0.7470,0.4405,9.8067,
720395,0.7470,0.4214,9.8067,
720446,0.7470,0.4405,9.8258,
720495,0.7470,0.4405,9.8258,
720545,0.7470,0.4405,9.7875,
720595,0.7470,0.4405,9.8067,
720646,0.7661,0.4214,9.8067,
720695,0.7470,0.4405,9.7875,
720745,0.7470,0.4214,9.8067,
720794,0.7470,0.4214,9.7875,
720844,0.7470,0.4405,9.8258,
720894,0.7470,0.4214,9.8258,
720945,0.7661,0.4214,9.8067,
720995,0.7470,0.4405,9.8258,
721043,0.7470,0.4405,9.8258,
721094,0.7470,0.4214,9.8067,
721145,0.7470,0.4214,9.8067,
721195,0.7470,0.4214,9.8067,
721245,0.7470,0.4214,9.8067,
721295,0.7470,0.4405,9.8258,
721345,0.7661,0.4214,9.8258,
721395,0.7470,0.4214,9.8067,
721446,0.7470,0.4214,9.8067,
721495,0.7470,0.4214,9.7875,
721545,0.7470,0.4405,9.7875,
721598,0.7470,0.4214,9.8258,
721646,0.7470,0.4214,9.7875,
721695,0.7470,0.4405,9.8067,
721745,0.7470,0.4405,9.8258,
721795,0.7470,0.4214,9.8067,
721846,0.7470,0.4214,9.8067,
721895,0.7661,0.4214,9.8067,
721945,0.7661,0.4214,9.8067,
721995,0.7661,0.4214,9.8067,
722045,0.7470,0.4214,9.8067,
722095,0.7661,0.4214,9.8067,
722145,0.7470,0.4214,9.8067,
722195,0.7661,0.4214,9.8258,
722245,0.7470,0.4405,9.7875,
722295,0.7470,0.4405,9.8067,
722345,0.7470,0.4022,9.7875,
722395,0.7661,0.4405,9.7875,
722444,0.7661,0.4405,9.8067,
722495,0.7661,0.4214,9.8067,
722545,0.7470,0.4214,9.8067,
722595,0.7661,0.4214,9.8258,
722646,0.7470,0.4405,9.8067,
722695,0.7661,0.4405,9.8067,
722745,0.7661,0.4214,9.8067,
722795,0.7470,0.4405,9.8067,
722845,0.7470,0.4405,9.8067,
722895,0.7661,0.4214,9.7875,
722945,0.7278,0.4405,9.8450,
722995,0.7470,0.4214,9.8067,
723046,0.7661,0.4214,9.8067,
723095,0.7470,0.4214,9.8067,
723145,0.7661,0.4405,9.8067,
723195,0.7470,0.4405,9.8067,
723246,0.7470,0.4405,9.8067,
723295,0.7470,0.4405,9.8067,
723345,0.7470,0.4214,9.8067,
723395,0.7470,0.4405,9.8067,
723445,0.7470,0.4214,9.8258,
723495,0.7470,0.4214,9.8067,
723545,0.7470,0.4214,9.8067,
723595,0.7470,0.4405,9.8067,
723646,0.7470,0.4405,9.8258,
723695,0.7470,0.4405,9.8067,
723745,0.7470,0.4214,9.8067,
723795,0.7470,0.4405,9.8067,
723846,0.7661,0.4405,9.8258,
723895,0.7470,0.4214,9.8258,
723945,0.7470,0.4214,9.8258,
723995,0.7661,0.4405,9.8067,
724046,0.7661,0.4214,9.8067,
724095,0.7661,0.4405,9.8258,
724145,0.7470,0.4214,9.8067,
724195,0.7470,0.4214,9.8258,
724245,0.7470,0.4405,9.8067,
724295,0.7661,0.4214,9.8067,
724345,0.7661,0.4405,9.8067,
724395,0.7470,0.4405,9.8067,
724446,0.7661,0.4405,9.8067,
724494,0.7661,0.4405,9.8067,
724545,0.7470,0.4405,9.7875,
724595,0.7470,0.4405,9.8258,
724646,0.7470,0.4214,9.8067,
724695,0.7470,0.4214,9.8067,
724745,0.7470,0.4214,9.8067,
724795,0.7470,0.4405,9.8258,
724846,0.7470,0.4405,9.8067,
724895,0.7470,0.4405,9.8067,
724945,0.7470,0.4214,9.8067,
724995,0.7470,0.4405,9.8067,
725046,0.7470,0.4405,9.8067,
725095,0.7470,0.4405,9.8067,
725145,0.7470,0.4214,9.8067,
725195,0.7470,0.4405,9.8258,
725246,0.7470,0.4405,9.8067,
725295,0.7470,0.4405,9.8067,
725345,0.7470,0.4405,9.8067,
725395,0.7470,0.4597,9.8067,
725446,0.7470,0.4405,9.8067,
725495,0.7470,0.4405,9.8067,
725545,0.7470,0.4405,9.8067,
725595,0.7470,0.4405,9.8067,
725646,0.7470,0.4214,9.8067,
725695,0.7470,0.4405,9.8067,
725745,0.7470,0.4405,9.8067,
725795,0.7470,0.4405,9.8067,
725846,0.7470,0.4405,9.8067,
725895,0.7470,0.4405,9.8067,
725945,0.7470,0.4405,9.8258,
725995,0.7661,0.4214,9.8067,
726046,0.7470,0.4214,9.8067,
726095,0.7470,0.4405,9.7875,
726145,0.7470,0.4405,9.8258,
726195,0.7470,0.4405,9.7875,
726246,0.7470,0.4214,9.8067,
726295,0.7470,0.4405,9.8067,
726346,0.7470,0.4405,9.8067,
726395,0.7470,0.4214,9.8067,
726445,0.7470,0.4405,9.8258,
726495,0.7470,0.4405,9.8067,
726545,0.7470,0.4405,9.8067,
726595,0.7470,0.4214,9.8067,
726645,0.7278,0.4405,9.8067,
726695,0.7470,0.4214,9.8067,
726745,0.7470,0.4214,9.8067,
726795,0.7470,0.4405,9.8067,
726846,0.7470,0.4214,9.8067,
726895,0.7470,0.4214,9.8067,
726945,0.7470,0.4405,9.8067,
726995,0.7470,0.4214,9.8067,
727044,0.7470,0.4214,9.8067,
727095,0.7470,0.4405,9.8067,
727145,0.7470,0.4405,9.8258,
727195,0.7470,0.4214,9.8067,
727245,0.7470,0.4214,9.7875,
727295,0.7661,0.4214,9.8067,
727345,0.7470,0.4405,9.8258,
727395,0.7661,0.4214,9.8258,
727446,0.7470,0.4214,9.8067,
727495,0.7470,0.4214,9.8067,
727544,0.7470,0.4405,9.8067,
727595,0.7661,0.4214,9.8067,
727646,0.7470,0.4214,9.8067,
727695,0.7470,0.4214,9.8258,
727745,0.7661,0.4214,9.8067,
727795,0.7661,0.4405,9.8067,
727845,0.7661,0.4214,9.7875,
727895,0.7661,0.4214,9.8258,
727945,0.7470,0.4022,9.8067,
727995,0.7470,0.4405,9.8067,
728046,0.7470,0.4214,9.8258,
728096,0.7470,0.4405,9.7875,
728144,0.7470,0.4214,9.8258,
728195,0.7661,0.4214,9.8067,
728246,0.7470,0.4405,9.8067,
728295,0.7470,0.4405,9.8067,
728345,0.7470,0.4214,9.8258,
728395,0.7470,0.4405,9.8067,
728445,0.7470,0.4214,9.8258,
728495,0.7470,0.4214,9.8067,
728545,0.7661,0.4405,9.8067,
728594,0.7661,0.4214,9.8067,
728646,0.7470,0.4022,9.7875,
728696,0.7470,0.4405,9.8067,
728745,0.7661,0.4214,9.8067,
728795,0.7661,0.4214,9.8067,
728846,0.7470,0.4405,9.8067,
728896,0.7661,0.4214,9.8067,
728945,0.7470,0.4214,9.8258,
728995,0.7661,0.4214,9.8067,
729044,0.7661,0.4405,9.8067,
729096,0.7470,0.4405,9.8067,
729145,0.7470,0.4214,9.8067,
729194,0.7470,0.4405,9.8067,
729246,0.7278,0.4405,9.8258,
729295,0.7470,0.4405,9.8067,
729345,0.7661,0.4214,9.7875,
729395,0.7470,0.4214,9.8067,
729446,0.7661,0.4405,9.8067,
729496,0.7470,0.4214,9.8067,
729545,0.7661,0.4214,9.8067,
729595,0.7470,0.4405,9.8067,
729646,0.7661,0.4214,9.8067,
729696,0.7470,0.4405,9.8067,
729745,0.7661,0.4214,9.8258,
729795,0.7470,0.4214,9.8258,
729846,0.7470,0.4405,9.8067,
729896,0.7661,0.4214,9.8067,
729945,0.7470,0.4214,9.8067,
729995,0.7470,0.4405,9.8067,
730045,0.7661,0.4214,9.8067,
730095,0.7470,0.4214,9.8067,
730145,0.7470,0.4405,9.8067,
730195,0.7470,0.4405,9.8258,
730245,0.7470,0.4405,9.7875,
730296,0.7470,0.4405,9.8067,
730345,0.7661,0.4214,9.8258,
730395,0.7470,0.4405,9.8067,
730446,0.7661,0.4214,9.8067,
730496,0.7470,0.4405,9.8258,
730545,0.7470,0.4214,9.8258,
730595,0.7661,0.4405,9.8067,
730645,0.7470,0.4214,9.8067,
730696,0.7661,0.4405,9.8067,
730745,0.7470,0.4214,9.8258,
730795,0.7661,0.4405,9.7875,
730845,0.7470,0.4405,9.8258,
730896,0.7470,0.4214,9.8067,
730944,0.7470,0.4214,9.8067,
730995,0.7661,0.4405,9.8067,
731046,0.7470,0.4405,9.8067,
731096,0.7470,0.4405,9.8258,
731145,0.7470,0.4405,9.8067,
731195,0.7470,0.4405,9.8067,
731246,0.7661,0.4405,9.8067,
731295,0.7470,0.4405,9.8067,
731345,0.7470,0.4405,9.8258,
731395,0.7470,0.4405,9.8067,
731446,0.7661,0.4405,9.8067,
731496,0.7470,0.4405,9.8258,
731545,0.7470,0.4405,9.8067,
731595,0.7470,0.4405,9.8067,
731646,0.7470,0.4405,9.8450,
731696,0.7661,0.4405,9.7875,
731745,0.7470,0.4214,9.8067,
731795,0.7470,0.4405,9.8258,
731846,0.7470,0.4214,9.8258,
731896,0.7470,0.4405,9.8258,
731945,0.7470,0.4405,9.8258,
731995,0.7278,0.4405,9.7875,
732046,0.7278,0.4214,9.8067,
732096,0.7470,0.4022,9.8067,
732145,0.7470,0.4214,9.8067,
732195,0.7661,0.4022,9.8067,
732246,0.8428,0.3639,9.8258,
732296,0.8045,0.3831,9.8258,
732345,0.8236,0.3831,9.8067,
732395,0.8428,0.4022,9.7875,
732446,0.8236,0.4214,9.7683,
732496,0.9194,0.4022,9.8450,
732545,0.9194,0.4022,9.8258,
732595,0.8619,0.3831,9.7875,
732646,0.9194,0.3448,9.8450,
732696,0.9194,0.3831,9.7875,
732745,0.9385,0.3831,9.7875,
732795,0.9577,0.4022,9.8258,
732846,0.9194,0.4214,9.7683,
732895,0.9385,0.4022,9.8067,
732945,0.9385,0.4022,9.7875,
732995,0.9385,0.4214,9.7683,
733044,0.9577,0.4022,9.8067,
733094,0.9194,0.4214,9.7683,
733145,0.9577,0.3831,9.7875,
733195,0.9768,0.3831,9.8258,
733245,0.9577,0.3831,9.8067,
733296,0.9577,0.4022,9.7875,
733345,0.9768,0.4022,9.8067,
733395,0.9768,0.3831,9.8067,
733444,0.9768,0.3831,9.8067,
733496,0.9577,0.3831,9.6726,
733545,0.9385,0.4022,9.8833,
733595,0.9577,0.4022,9.8641,
733646,0.9960,0.3639,9.8258,
733696,0.9768,0.3831,9.7492,
733745,1.0343,0.3831,9.7875,
733795,0.9960,0.3639,9.7875,
733845,1.4940,-0.0958,9.8641,
733896,2.7964,-1.1492,9.9407,
733945,1.5131,1.0918,8.6574,
733995,0.4022,2.9497,10.1706,
734046,0.1532,0.4788,9.0980,
734096,3.2561,-1.3216,7.5848,
734145,0.9960,-1.2067,10.2663,
734195,-2.3942,1.8196,10.9367,
734246,-0.4214,2.4900,10.0365,
734295,0.7661,1.0151,9.3278,
734345,0.1724,1.0343,10.9559,
734395,0.4597,1.0343,10.3813,
734445,0.5171,0.9960,9.9599,
734496,0.6129,1.0151,9.7109,
734545,0.5746,1.0151,9.8067,
734595,0.6129,1.0534,9.8067,
734646,0.5746,1.0151,9.7875,
734696,0.5746,1.0343,9.8067,
734745,0.5363,0.9960,9.7875,
734795,0.5938,1.0343,9.8258,
734846,0.5555,1.0151,9.7683,
734894,0.4214,0.6512,11.4156,
760143,5.1523,7.1635,-4.7692,
760194,5.1715,7.1251,-4.6926,
760243,5.3247,6.9719,-4.4819,
760293,5.2864,6.9911,-4.4819,
760343,5.3247,7.0294,-4.5777,
760393,5.2864,7.1251,-4.5586,
760443,5.4396,7.0868,-4.7501,
760493,5.6120,6.9528,-4.5586,
760545,5.5545,7.0868,-5.2672,
760594,5.9185,6.3973,-3.9073,
760645,5.7652,6.6080,-3.1029,
760695,5.6695,7.1443,-3.6009,
760745,6.5505,7.3358,-4.4628,
760795,6.4739,6.7038,-3.8116,
760845,6.7421,6.5697,1.0918,
760895,7.4124,7.1635,-0.8428,
760945,6.0908,8.0062,-1.4557,
760995,6.1292,7.2592,1.7238,
761045,6.3398,7.7381,0.8428,
761095,7.2975,7.1251,0.2107,
761145,6.8761,6.4739,-0.3639,
761195,7.0102,6.3398,-0.1532,
761245,6.9911,6.4931,0.9768,
761295,5.8802,5.1906,0.4788,
761345,3.9265,5.2481,3.9456,
761395,1.7238,8.0254,6.6655,
761445,3.2944,4.7501,8.2552,
761495,0.1341,6.8570,7.7572,
761546,0.9577,4.8076,9.4236,
761595,-4.5586,7.5848,7.6423,
761645,-3.9648,7.3741,7.1443,
761695,-2.7964,5.8802,6.7804,
761745,-1.3599,5.4971,6.7612,
761794,3.1412,1.2641,9.6534,
761845,3.1220,-0.2490,11.1282,
761895,1.2833,-0.6704,10.0173,
761945,-1.0151,0.9385,10.7835,
761995,0.3639,-1.1301,11.3581,
762045,0.5555,1.6664,9.4619,
762095,0.0383,-1.5514,11.6837,
762144,-1.3599,0.3065,9.8641,
762193,-1.3599,-2.1069,10.1706,
762245,-0.4214,0.4405,10.4196,
762295,-0.8045,-0.5555,10.2472,
762345,-1.1301,-0.6129,9.7683,
762394,-0.7470,-0.0958,9.8641,
762444,-1.2067,0.1341,9.7492,
762496,-1.3024,0.2107,9.8641,
762546,-0.7661,-0.1915,9.8067,
762595,-0.8811,0.1149,9.8641,
762645,-0.7278,-0.3256,9.5577,
762695,-1.0534,0.5938,9.7492,
762745,-0.4980,0.2490,10.0748,
762794,0.1341,-0.0958,9.1746,
762845,-0.0958,-0.6704,9.6917,
762895,-0.3639,-0.4980,9.6917,
762945,-0.0575,-0.4405,9.6726,
762994,-0.4980,0.1724,9.7875,
763045,-0.5746,0.2490,9.8258,
763095,-0.7661,-0.1724,9.7109,
763145,-0.4788,0.1149,9.8258,
763194,-0.2873,-0.1341,9.8258,
763245,-0.0958,-0.4022,9.7492,
763296,-0.1532,-0.3639,9.7300,
763344,-0.1532,-0.6895,9.7300,
763394,-0.1724,-0.4405,9.8258,
763444,0.1149,-0.0958,9.9216,
763495,-0.4214,-0.0575,10.1131,
763546,-0.0766,0.1724,9.7109,
763594,-0.0192,-0.5555,9.9216,
763645,-0.1532,-0.3065,9.6534,
763695,-0.1915,0.0192,9.7492,
763746,0.0192,-0.3448,9.7875,
763794,0.2682,-0.0766,9.6151,
763845,0.2682,-0.1724,9.7300,
763895,0.0958,-0.3256,9.9024,
763944,0.1532,-0.2298,9.7875,
763994,0.0766,-0.3065,9.8067,
764045,0.0958,-0.1724,9.8450,
764095,0.1149,-0.2490,9.8067,
764145,0.1149,-0.2682,9.7300,
764195,0.0766,-0.2682,9.8450,
764245,0.1341,-0.1915,9.8641,
764295,0.0766,-0.2682,9.7683,
764346,0.0383,-0.1532,9.8833,
764394,0.0575,-0.2107,9.8258,
764445,0.0766,-0.1532,9.7875,
764495,0.0383,-0.1149,9.6917,
764546,-0.1149,-0.1915,9.8833,
764594,0.0192,-0.1532,9.8450,
764645,0.0000,-0.2107,9.7875,
764695,-0.0575,-0.1341,9.8258,
764745,-0.0575,-0.2682,9.7492,
764794,-0.0766,-0.2490,9.8258,
764845,-0.0958,-0.2298,9.7683,
764895,-0.0383,-0.1915,9.8067,
764946,-0.0766,-0.2682,9.7109,
764995,-0.1341,-0.1915,9.8258,
765045,-0.1341,-0.2490,9.7683,
765095,-0.1532,-0.2490,9.8833,
765145,-0.0766,-0.1915,9.7875,
765194,-0.2107,-0.1915,9.7683,
765245,-0.2873,-0.2298,9.9407,
765295,-0.1532,-0.1724,9.7875,
765346,-0.1532,-0.2682,9.7492,
765394,-0.1532,-0.1724,9.7492,
765444,-0.1341,-0.1724,9.6917,
765494,-0.1532,-0.2107,9.7875,
765545,-0.2107,-0.1724,9.7875,
765594,-0.1149,-0.1915,9.7109,
765645,-0.2107,-0.2107,9.7683,
765695,-0.1532,-0.1532,9.8258,
765746,-0.1915,-0.1915,9.7875,
765794,-0.1532,-0.1341,9.9216,
765845,-0.1341,-0.2682,9.7300,
765895,-0.1915,-0.1341,9.8258,
765946,-0.0383,-0.1724,9.7492,
765994,-0.0958,-0.1915,9.8067,
766045,-0.0575,-0.1915,9.7875,
766095,-0.0958,-0.1341,9.7875,
766145,-0.0383,-0.1724,9.7109,
766194,-0.0766,-0.1724,9.8833,
766245,-0.0383,-0.1915,9.8258,
766295,-0.0192,-0.1341,9.7875,
766345,-0.0383,-0.2107,9.7683,
766394,0.0383,-0.1341,9.6726,
766445,0.0000,-0.2107,9.8067,
766496,0.0383,-0.2107,9.7683,
766546,0.0383,-0.1915,9.7875,
766594,0.1341,-0.1915,9.6917,
766645,-0.0383,-0.1915,9.9599,
766694,0.0383,-0.1532,9.9216,
766745,0.1149,-0.1724,9.7109,
766794,0.0575,-0.1341,9.8641,
766845,0.0766,-0.1532,9.7683,
766894,0.1149,-0.0958,9.7683,
766946,0.0575,-0.1915,9.8258,
766994,0.1149,-0.0958,9.8641,
767045,0.1341,-0.1724,9.7300,
767095,0.1149,-0.1149,9.8067,
767145,0.1149,-0.1341,9.8067,
767194,0.1149,-0.1149,9.8258,
767243,0.1149,-0.1341,9.8258,
767294,0.1341,-0.0958,9.8258,
767346,0.1532,-0.1341,9.7875,
767393,0.1341,-0.1149,9.8450,
767444,0.1532,-0.1149,9.8258,
767493,0.1341,-0.0766,9.8258,
767544,0.1724,-0.1341,9.7492,
767593,0.1341,-0.1341,9.8258,
767643,0.1724,-0.1149,10.1323,
767693,0.2107,-0.1724,9.6151,
767743,0.0958,-0.1532,9.9216,
767795,0.0575,-0.2107,9.9599,
767843,0.1724,-0.1532,9.7875,
767896,0.1724,-0.1532,9.8067,
767943,0.1149,-0.1341,9.8067,
767993,0.1915,-0.1724,9.8067,
768043,0.1341,-0.1915,9.7683,
768093,0.1341,-0.1724,9.8833,
768144,0.1532,-0.2107,9.7875,
768194,0.1532,-0.1915,9.7683,
768245,0.1532,-0.2298,9.8067,
768295,0.1532,-0.1724,9.8258,
768346,0.1532,-0.2298,9.8067,
768395,0.1532,-0.2107,9.8258,
768445,0.1724,-0.1915,9.8258,
768493,0.1532,-0.2682,9.7683,
768544,0.1341,-0.1532,9.8641,
768593,0.1149,-0.2490,9.7300,
768644,0.1724,-0.1149,10.0365,
768694,0.2107,-0.2298,9.7109,
768745,0.0575,-0.2490,9.9024,
768795,0.0958,-0.1915,9.8833,
768845,0.1915,-0.2298,9.7875,
768895,0.1532,-0.2107,9.8258,
768945,0.1341,-0.1915,9.8067,
768996,0.1341,-0.1915,9.7683,
769045,0.1149,-0.2298,9.8258,
769095,0.1724,-0.1532,9.8450,
769145,0.2107,-0.1724,9.7875,
769196,0.1341,-0.2107,9.8258,
769245,0.1532,-0.1341,9.7875,
769295,0.1341,-0.2298,9.8641,
769345,0.1341,-0.1724,9.8258,
769396,0.1341,-0.1724,9.8258,
769445,0.1532,-0.1915,9.7683,
769495,0.1341,-0.1724,9.8641,
769545,0.1149,-0.2298,9.7492,
769595,0.1532,-0.1532,9.7492,
769645,0.1341,-0.2873,9.7492,
769695,0.0000,-0.2107,9.8258,
769745,0.1341,-0.1915,9.9216,
769795,0.1149,-0.2107,9.8067,
769845,0.0958,-0.1149,9.8067,
769895,0.0958,-0.1532,9.8450,
769945,0.0958,-0.1532,9.7875,
769996,0.0383,-0.2107,9.8833,
770045,0.1532,-0.1149,9.8258,
770095,0.1341,-0.1532,9.7683,
770145,0.0958,-0.1724,9.7683,
770196,0.0766,-0.1341,9.8450,
770245,0.0575,-0.1532,9.8258,
770295,0.0958,-0.1532,9.7683,
770345,0.0766,-0.1724,9.8067,
770396,0.0575,-0.1532,9.8833,
770445,0.0958,-0.1341,9.8833,
770495,0.0575,-0.1915,9.7300,
770545,-0.0192,-0.1724,9.8067,
770594,0.0383,-0.1341,9.8833,
770645,0.0575,-0.1915,9.8258,
770694,0.0383,-0.1341,9.8067,
770745,0.0192,-0.1532,9.8067,
770795,0.0383,-0.1149,9.8450,
770845,-0.0575,-0.1532,9.9790,
770895,0.0575,-0.1532,9.7683,
770945,0.0383,-0.1724,9.7492,
770994,0.0575,-0.1724,9.7875,
771045,0.0192,-0.1532,9.8450,
771094,0.0575,-0.1915,9.7492,
771145,-0.0192,-0.1532,9.8450,
771196,0.0575,-0.1915,9.7875,
771245,0.0958,-0.1532,9.8450,
771295,0.0192,-0.0958,9.8258,
771345,-0.0383,-0.2298,9.8450,
771396,0.0766,-0.0958,9.8450,
771444,0.0766,-0.1915,9.7683,
771495,0.0766,-0.1341,9.7875,
771545,0.0192,-0.1532,9.7875,
771594,0.0958,-0.1341,9.7875,
771645,0.0383,-0.1532,9.8450,
771693,0.0766,-0.1341,9.8641,
771745,0.0575,-0.1341,9.7109,
771795,0.0383,-0.1532,9.8833,
771845,0.0766,-0.1341,9.8258,
771895,0.0766,-0.1149,9.8450,
771945,0.0575,-0.1724,9.7683,
771996,0.1149,-0.0766,10.0556,
772045,0.0766,-0.1532,9.7683,
772095,0.0575,-0.1149,9.8258,
772145,0.0766,-0.0958,9.8833,
772195,0.1532,-0.0766,9.7683,
772253,0.0766,-0.1149,9.8450,
772303,0.0766,-0.1149,9.7875,
772353,0.1341,-0.1341,9.8258,
772405,0.0766,-0.1341,9.8258,
772455,0.0958,-0.1532,9.9024,
772506,0.1341,-0.1149,9.7683,
772554,0.1341,-0.1149,9.8450,
772605,0.1149,-0.1341,9.8258,
772655,0.1532,-0.0958,9.8067,
772705,0.1341,-0.1341,9.8258,
772754,0.1532,-0.0958,9.8258,
772805,0.1532,-0.1532,9.8067,
772855,0.1532,-0.1149,9.8258,
772905,0.1532,-0.1341,9.9790,
772954,0.1724,-0.1532,9.8067,
773005,0.1915,-0.0958,9.8450,
773055,0.0575,-0.1915,9.8833,
773106,0.1915,-0.0958,9.8067,
773154,0.1532,-0.1724,9.8258,
773205,0.1532,-0.1341,9.8450,
773255,0.1532,-0.1724,9.8067,
773306,0.1724,-0.1149,9.7683,
773355,0.1341,-0.1915,9.8833,
773405,0.1915,-0.1149,9.7683,
773455,0.1915,-0.1724,9.7492,
773506,0.1724,-0.1532,9.8258,
773554,0.1532,-0.1724,9.8258,
773605,0.1532,-0.1341,9.8067,
773655,0.1915,-0.1724,9.8067,
773706,0.1532,-0.1724,9.8067,
773755,0.1724,-0.1532,9.8258,
773805,0.1724,-0.1724,9.8067,
773855,0.1532,-0.1149,9.8833,
773905,0.1724,-0.2107,9.7683,
773955,0.1915,-0.1149,9.9599,
774005,0.2682,-0.0958,9.7683,
774054,0.0958,-0.1532,9.8641,
774106,0.1724,-0.1149,9.8258,
774154,0.2298,-0.1341,9.7683,
774204,0.1532,-0.1532,9.8450,
774255,0.1532,-0.1724,9.8067,
774306,0.1915,-0.1149,9.8258,
774355,0.1532,-0.1915,9.8258,
774406,0.1724,-0.1341,9.8641,
774455,0.1915,-0.1724,9.7683,
774505,0.1724,-0.1915,9.7875,
774554,0.1915,-0.1341,9.7875,
774605,0.1724,-0.1724,9.7875,
774655,0.1724,-0.1532,9.8258,
774706,0.1915,-0.1724,9.8067,
774755,0.1915,-0.1341,9.8258,
774805,0.2107,-0.1915,9.7492,
774855,0.1724,-0.1724,9.7875,
774905,0.1532,-0.2298,9.7492,
774955,0.2298,-0.1915,9.7109,
775005,0.2107,-0.1724,9.7683,
775055,0.1149,-0.2107,9.8641,
775106,0.2107,-0.1915,9.8641,
775154,0.1915,-0.2107,9.8258,
775205,0.1341,-0.1341,9.8641,
775255,0.1532,-0.1915,9.8450,
775306,0.1532,-0.1149,9.8450,
775355,0.1341,-0.2107,9.8450,
775405,0.2107,-0.0958,9.8258,
775455,0.1724,-0.1724,9.7492,
775506,0.1532,-0.1532,9.7875,
775554,0.1532,-0.1532,9.8258,
775605,0.1532,-0.1915,9.8641,
775655,0.1341,-0.1341,9.8067,
775708,0.1149,-0.1915,9.8450,
775755,0.0958,-0.1532,9.8067,
775805,0.1341,-0.1724,9.7683,
775855,0.1341,-0.1341,9.8641,
775905,0.0766,-0.1149,9.7875,
775954,0.0766,-0.1724,9.9024,
776005,0.1149,-0.1724,9.8067,
776055,0.0383,-0.1724,9.8067,
776104,0.0383,-0.1532,9.8258,
776155,0.0383,-0.1724,9.7875,
776205,0.0192,-0.1724,9.7875,
776255,0.0192,-0.1915,9.8258,
776306,0.0575,-0.1532,9.7875,
776355,0.0192,-0.2107,9.7683,
776405,0.0192,-0.1532,9.8258,
776455,0.0000,-0.1915,9.8258,
776504,0.0000,-0.1724,9.8067,
776553,0.0000,-0.1915,9.7875,
776603,0.0000,-0.1915,9.8258,
776654,0.0192,-0.1532,9.9216,
776705,0.0192,-0.2107,9.7109,
776754,-0.0575,-0.1532,9.8450,
776804,0.0000,-0.2107,9.7875,
776855,0.0000,-0.1724,9.8450,
776907,0.0000,-0.1532,9.8067,
776954,-0.0192,-0.1724,9.7683,
777004,0.0000,-0.1532,9.7109,
777055,0.0000,-0.2107,9.8833,
777105,0.0766,-0.1724,9.7492,
777154,0.0192,-0.1915,9.7683,
777205,0.0000,-0.2298,9.7300,
777255,0.0000,-0.1532,9.8258,
777305,-0.0192,-0.2107,9.7875,
777354,-0.0383,-0.1532,9.8833,
777404,0.0192,-0.1724,9.7300,
777454,0.0192,-0.1532,10.0173,
777505,0.0192,-0.1149,9.7683,
777556,-0.0958,-0.1915,9.9024,
777605,0.0192,-0.1341,9.8258,
777655,0.0383,-0.1724,9.7492,
777704,0.0000,-0.1341,9.8067,
777755,-0.0383,-0.1724,9.8641,
777804,0.0000,-0.1532,9.7683,
777855,0.0000,-0.1915,9.7683,
777905,0.0000,-0.1532,9.9024,
777953,0.0192,-0.1724,9.7300,
778005,0.0000,-0.1341,9.8450,
778054,0.0383,-0.1724,9.8258,
778106,0.0192,-0.1532,9.8258,
778154,0.0383,-0.1532,9.8258,
778205,0.0192,-0.1532,9.8450,
778255,0.0383,-0.1915,9.7109,
778306,0.0766,-0.1532,9.9982,
778353,0.1724,-0.1341,9.6151,
778405,0.0575,-0.0958,9.8258,
778455,0.0192,-0.2107,9.9216,
778506,0.0766,-0.1149,9.8450,
778554,0.0958,-0.1724,9.8258,
778605,0.1149,-0.1341,9.7683,
778655,0.1149,-0.1724,9.7875,
778705,0.0958,-0.1724,9.7875,
778755,0.0958,-0.1915,9.8641,
778805,0.1532,-0.1149,9.7875,
778855,0.1532,-0.1915,9.8067,
778905,0.1532,-0.1724,9.8450,
778956,0.1532,-0.1532,9.8258,
779005,0.1341,-0.1341,9.8450,
779055,0.1532,-0.1915,9.8258,
779105,0.1724,-0.1915,9.8258,
779156,0.1724,-0.1724,9.8067,
779205,0.1532,-0.1915,9.8641,
779255,0.1532,-0.1915,9.8067,
779306,0.1724,-0.1532,10.0365,
779354,0.1915,-0.2107,9.7109,
779405,0.1724,-0.1149,9.8833,
779456,0.1149,-0.1532,9.9024,
779506,0.2298,-0.1532,9.7875,
779554,0.1724,-0.1532,9.8258,
779605,0.1724,-0.1724,9.8450,
779655,0.1724,-0.1724,9.8067,
779706,0.1341,-0.1724,9.8258,
779753,0.1724,-0.1724,9.8641,
779804,0.2107,-0.1341,9.7875,
779855,0.1724,-0.1915,9.7875,
779906,0.1724,-0.1532,9.8067,
779955,0.1724,-0.1532,9.8258,
780005,0.1724,-0.1724,9.8067,
780055,0.1915,-0.1915,9.8258,
780106,0.1915,-0.1915,9.8258,
780155,0.1724,-0.1915,9.7683,
780205,0.1532,-0.1724,9.8833,
780255,0.1532,-0.1915,9.7492,
780306,0.2107,-0.2107,9.7109,
780355,0.2490,-0.1341,9.7300,
780404,0.0766,-0.2873,9.8641,
780455,0.2107,-0.1532,9.8258,
780506,0.1915,-0.2298,9.8450,
780554,0.1724,-0.1341,9.8641,
780605,0.1341,-0.1915,9.8258,
780655,0.1915,-0.1724,9.7683,
780706,0.1532,-0.2490,9.8833,
780754,0.2298,-0.1532,9.8450,
780805,0.1724,-0.2107,9.7683,
780855,0.1532,-0.1915,9.8258,
780905,0.1532,-0.1915,9.8067,
780955,0.1915,-0.2107,9.7875,
781005,0.1532,-0.1724,9.8450,
781055,0.1724,-0.2107,9.7875,
781106,0.1149,-0.2107,9.8258,
781155,0.1341,-0.2298,9.7875,
781205,0.1532,-0.1532,9.9024,
781255,0.1341,-0.2298,9.7109,
781306,0.0383,-0.1724,9.8258,
781355,0.1149,-0.1724,9.8450,
781405,0.1149,-0.2298,9.8067,
781455,0.0766,-0.1724,9.8258,
781506,0.0192,-0.2298,9.9216,
781554,0.0383,-0.1724,9.7300,
781605,0.0000,-0.2107,9.8641,
781655,0.0383,-0.1915,9.8258,
781706,0.0575,-0.1724,9.7875,
781755,0.0383,-0.1724,9.7875,
781805,0.0192,-0.1341,9.7875,
781855,0.0192,-0.1724,9.8067,
781906,0.0192,-0.1724,9.7683,
781955,-0.0192,-0.1724,9.7875,
782005,-0.0192,-0.1915,9.7683,
782055,0.0192,-0.1724,9.9024,
782106,-0.0383,-0.1915,9.7300,
782155,-0.0958,-0.1532,9.8067,
782205,0.0000,-0.1724,9.8450,
782255,-0.0192,-0.2107,9.8067,
782305,-0.0575,-0.1915,9.8450,
782355,-0.0383,-0.1724,9.9024,
782403,-0.0192,-0.1149,9.6726,
782454,-0.0575,-0.1532,9.8450,
782506,0.0192,-0.1341,9.7683,
782554,-0.0192,-0.1915,9.7683,
782605,-0.0192,-0.1341,9.7683,
782655,0.0000,-0.1149,9.8258,
782706,0.0192,-0.1915,9.7109,
782754,0.0192,-0.1532,9.8258,
782805,-0.0192,-0.1532,9.7683,
782855,0.0383,-0.1532,9.7683,
782905,0.0000,-0.1724,9.7683,
782955,0.0000,-0.1915,9.8258,
783005,0.0575,-0.1532,9.8258,
783055,0.0575,-0.1724,9.8067,
783106,0.0383,-0.0958,9.7875,
783155,0.0000,-0.1532,9.8258,
783205,0.0958,-0.1149,9.8067,
783255,0.0766,-0.1532,9.8258,
783306,0.1149,-0.1149,9.8258,
783355,0.0766,-0.1341,9.7875,
783405,0.0766,-0.0958,9.8450,
783455,0.0958,-0.1724,9.8067,
783506,0.0958,-0.1341,9.7492,
783554,0.0766,-0.1341,9.7492,
783605,0.0766,-0.1341,9.7109,
783655,0.1149,-0.1532,9.7683,
783706,0.0575,-0.1149,9.8258,
783753,0.0383,-0.2107,9.8450,
783805,0.1532,-0.0766,9.7683,
783855,0.1341,-0.1532,9.7875,
783906,0.0958,-0.0958,9.8258,
783955,0.1341,-0.0958,9.7683,
784005,0.1724,-0.0958,9.7492,
784055,0.1149,-0.1149,9.8641,
784106,0.1532,-0.0575,9.8641,
784155,0.1341,-0.0958,9.7300,
784205,0.1341,-0.0958,9.8067,
784255,0.1341,-0.0958,9.8067,
784306,0.1532,-0.0958,9.7875,
784355,0.1532,-0.0766,9.7875,
784405,0.1724,-0.0766,9.8258,
784455,0.1532,-0.0958,9.8067,
784505,0.1915,-0.0958,9.8067,
784554,0.1915,-0.1341,9.7300,
784605,0.2107,-0.0766,9.9216,
784655,0.2873,-0.1341,9.5577,
784706,0.1724,-0.1149,9.8641,
784755,0.1149,-0.1724,9.9407,
784805,0.2490,-0.1341,9.7492,
784855,0.1915,-0.1915,9.8450,
784905,0.1915,-0.1341,9.7492,
784955,0.1915,-0.1915,9.8258,
785005,0.1724,-0.1724,9.8067,
785055,0.1915,-0.1532,9.8450,
785106,0.2298,-0.1532,9.7875,
785155,0.1915,-0.1915,9.8067,
785205,0.2298,-0.1532,9.8450,
785255,0.1915,-0.1915,9.8067,
785306,0.2298,-0.1532,9.7875,
785355,0.1915,-0.1532,9.8067,
785405,0.2298,-0.1724,9.8067,
785455,0.2107,-0.1915,9.7683,
785506,0.2107,-0.1532,9.7683,
785554,0.2107,-0.2298,9.7492,
785605,0.2298,-0.1724,9.7300,
785655,0.2873,-0.1532,9.6534,
785706,0.1341,-0.2490,9.8641,
785754,0.2873,-0.1149,9.7492,
785805,0.2682,-0.1915,9.7875,
785855,0.2107,-0.1341,9.8450,
785906,0.1915,-0.1532,9.7875,
785958,0.2298,-0.1532,9.7683,
786005,0.2107,-0.1532,9.8641,
786055,0.2490,-0.1341,9.8641,
786106,0.2298,-0.1341,9.7492,
786155,0.1915,-0.1532,9.8067,
786205,0.1915,-0.1532,9.8067,
786255,0.2107,-0.1341,9.7875,
786306,0.1915,-0.1532,9.8258,
786355,0.1724,-0.1341,9.7875,
786405,0.1724,-0.1532,9.7875,
786455,0.1724,-0.1532,9.8067,
786506,0.1341,-0.1915,9.7300,
786554,0.1724,-0.1532,9.6917,
786605,0.0766,-0.1341,9.8641,
786655,0.0766,-0.1915,9.8258,
786706,0.1724,-0.1532,9.8067,
786754,0.1341,-0.1724,9.7683,
786805,0.1149,-0.1149,9.7875,
786854,0.1149,-0.1149,9.7492,
786905,0.0766,-0.1532,9.8450,
786955,0.1341,-0.1149,9.8067,
787005,0.1341,-0.0958,9.8067,
787055,0.0958,-0.1724,9.7683,
787106,0.0958,-0.1149,9.8067,
787155,0.0766,-0.1532,9.8450,
787205,0.0958,-0.1341,9.7875,
787255,0.1149,-0.1532,9.7683,
787306,0.0766,-0.1341,9.8067,
787355,0.0766,-0.1532,9.8067,
787403,0.1149,-0.1341,9.8067,
787453,0.0383,-0.1341,9.7875,
787506,0.0192,-0.1532,9.8450,
787553,0.0958,-0.1724,9.7875,
787603,0.1149,-0.1724,9.7875,
787653,0.0766,-0.1341,9.7875,
787708,0.0958,-0.1915,9.6917,
787754,0.1341,-0.1149,9.7300,
787806,0.1341,-0.1341,9.8641,
787856,0.1724,-0.1341,9.8258,
787906,0.0958,-0.1341,9.7683,
787955,0.1532,-0.0958,9.7875,
788005,0.1341,-0.1341,9.8258,
788055,0.1532,-0.1341,9.7875,
788106,0.1341,-0.1341,9.8067,
788155,0.1532,-0.1532,9.7875,
788205,0.1724,-0.1149,9.7492,
788255,0.2107,-0.1532,9.7109,
788305,0.0766,-0.1532,9.8258,
788355,0.0958,-0.1149,9.8641,
788405,0.2107,-0.1341,9.8067,
788455,0.1532,-0.1149,9.8258,
788506,0.1341,-0.1149,9.8067,
788554,0.1724,-0.0958,9.7492,
788605,0.1915,-0.0958,9.7875,
788655,0.1915,-0.0958,9.8450,
788705,0.2107,-0.0958,9.8258,
788754,0.1532,-0.1532,9.7492,
788805,0.1915,-0.1149,9.8450,
788855,0.1915,-0.1341,9.8450,
788904,0.1724,-0.1341,9.8067,
788955,0.1915,-0.1341,9.7683,
789005,0.1724,-0.1149,9.8067,
789055,0.1915,-0.1532,9.7109,
789106,0.2107,-0.1532,9.8450,
789154,0.1915,-0.1149,9.7875,
789205,0.0766,-0.2682,9.8641,
789255,0.1532,-0.1724,9.8258,
789306,0.1915,-0.2298,9.7683,
789354,0.1724,-0.2107,9.8067,
789405,0.1532,-0.2298,9.7875,
789455,0.2107,-0.1915,9.7875,
789506,0.1149,-0.2873,9.8450,
789554,0.1532,-0.1915,9.8833,
789605,0.1915,-0.2298,9.7492,
789655,0.1724,-0.2490,9.7875,
789706,0.1724,-0.2107,9.8067,
789754,0.1724,-0.2107,9.8067,
789804,0.1724,-0.2490,9.8067,
789855,0.1532,-0.2298,9.8067,
789906,0.1915,-0.2682,9.7683,
789954,0.1724,-0.2298,9.7683,
790005,0.1724,-0.1915,9.9216,
790055,0.1915,-0.2490,9.7683,
790106,0.1724,-0.1724,9.8258,
790155,0.0958,-0.2873,9.8450,
790205,0.2107,-0.1915,9.7683,
790255,0.1532,-0.2490,9.8258,
790306,0.1724,-0.2107,9.8258,
790354,0.1532,-0.2490,9.7683,
790405,0.1915,-0.2107,9.7683,
790455,0.1724,-0.2298,9.8450,
790506,0.1915,-0.1915,9.8450,
790554,0.1724,-0.2490,9.7492,
790605,0.1915,-0.2298,9.8258,
790655,0.1915,-0.2107,9.7875,
790706,0.1915,-0.2490,9.7875,
790754,0.1724,-0.2298,9.8067,
790805,0.1915,-0.2298,9.8067,
790855,0.1724,-0.2298,9.8067,
790905,0.1724,-0.2107,9.7875,
790955,0.1724,-0.1915,9.8067,
791005,0.1915,-0.2107,9.8450,
791055,0.1915,-0.1341,9.8258,
791106,0.1341,-0.2682,9.9216,
791155,0.2298,-0.1724,9.7683,
791205,0.1915,-0.2298,9.8258,
791255,0.1915,-0.2107,9.7875,
791305,0.1724,-0.2490,9.7875,
791355,0.2107,-0.1724,9.7683,
791405,0.1724,-0.2682,9.8258,
791455,0.2107,-0.1724,9.8450,
791506,0.1915,-0.2490,9.7492,
791554,0.1724,-0.1915,9.7683,
791605,0.1724,-0.2107,9.7875,
791655,0.1724,-0.2298,9.7875,
791706,0.1724,-0.1724,9.7875,
791754,0.1915,-0.1915,9.7492,
791805,0.1341,-0.2107,9.8067,
791855,0.1532,-0.2298,9.8067,
791906,0.1915,-0.1724,9.8450,
791955,0.0958,-0.1532,9.7875,
792005,0.0575,-0.2490,9.8450,
792055,0.1532,-0.1915,9.8067,
792106,0.1149,-0.2682,9.8067,
792155,0.1149,-0.1915,9.7683,
792205,0.0575,-0.2298,9.8450,
792255,0.0766,-0.1532,9.7492,
792306,0.0766,-0.1915,9.8450,
792355,0.1341,-0.1724,9.7875,
792405,0.0766,-0.2298,9.7683,
792455,0.0766,-0.2107,9.7683,
792506,0.0575,-0.1724,9.8258,
792554,0.0958,-0.1724,9.8258,
792605,0.0766,-0.1915,9.7683,
792655,0.0383,-0.1724,9.8258,
792706,0.0383,-0.1532,9.7683,
792754,0.0958,-0.2107,9.6151,
792806,0.0383,-0.1341,9.8258,
792855,0.0383,-0.1532,9.8641,
792906,0.0575,-0.2298,9.8067,
792955,0.0958,-0.2298,9.8258,
793005,0.0766,-0.1724,9.7492,
793055,0.0575,-0.2107,9.8833,
793106,0.0766,-0.1915,9.8641,
793155,0.1341,-0.1915,9.6917,
793204,0.1341,-0.1915,9.8067,
793255,0.0958,-0.2107,9.7300,
793306,0.1149,-0.1341,9.7875,
793355,0.0958,-0.2107,9.7683,
793405,0.1149,-0.1724,9.7875,
793455,0.1149,-0.2107,9.7875,
793506,0.1532,-0.1724,9.7492,
793554,0.1149,-0.2107,9.7109,
793605,0.0766,-0.2107,9.8450,
793655,0.1532,-0.1915,9.8450,
793706,0.1341,-0.2107,9.8258,
793754,0.1341,-0.1532,9.7875,
793805,0.1341,-0.1532,9.7492,
793855,0.1915,-0.1149,9.8258,
793906,0.1724,-0.1915,9.8258,
793955,0.2107,-0.0958,9.8258,
794005,0.1532,-0.1724,9.7492,
794055,0.1724,-0.1724,9.7875,
794106,0.2107,-0.1341,9.7875,
794155,0.1915,-0.1724,9.7683,
794205,0.1724,-0.1532,9.7683,
794255,0.1915,-0.1341,9.9024,
794306,0.2298,-0.1724,9.6917,
794355,0.0958,-0.1532,9.8641,
794405,0.1341,-0.1915,9.8833,
794455,0.2298,-0.0958,9.7875,
794506,0.2107,-0.1149,9.8067,
794554,0.1532,-0.1149,9.8067,
794605,0.2298,-0.0958,9.7683,
794655,0.1915,-0.1149,9.7875,
794706,0.1915,-0.1149,9.8641,
794754,0.2298,-0.0575,9.8450,
794805,0.1915,-0.1341,9.7492,
794855,0.2298,-0.1341,9.8067,
794905,0.2107,-0.1724,9.8258,
794955,0.2107,-0.1341,9.7875,
795005,0.1915,-0.1724,9.8067,
795055,0.2298,-0.1724,9.7683,
795106,0.2490,-0.1341,9.7683,
795155,0.2107,-0.2107,9.7300,
795205,0.2490,-0.2107,9.7875,
795255,0.3065,-0.1532,9.5960,
795306,0.1149,-0.2873,9.8833,
795355,0.1341,-0.2107,9.9407,
795405,0.2490,-0.1915,9.7875,
795455,0.2298,-0.1915,9.8067,
795506,0.1915,-0.1915,9.7683,
795554,0.2298,-0.1724,9.7492,
795605,0.1724,-0.2298,9.7875,
795655,0.2298,-0.1532,9.8641,
795706,0.2298,-0.2107,9.7492,
795755,0.2107,-0.1915,9.7875,
795805,0.2107,-0.2107,9.8067,
795855,0.2107,-0.1915,9.8067,
795906,0.2107,-0.2107,9.8067,
795955,0.2298,-0.2107,9.8067,
796005,0.2107,-0.1915,9.7875,
796055,0.2107,-0.1724,9.8641,
796106,0.2107,-0.2298,9.7683,
796155,0.2298,-0.1341,9.9790,
796205,0.2490,-0.2682,9.6726,
796255,0.1341,-0.2298,9.8450,
796306,0.2298,-0.1341,9.7875,
796355,0.2873,-0.1915,9.7683,
796405,0.2298,-0.2107,9.8067,
796455,0.1915,-0.1724,9.8258,
796506,0.2298,-0.1915,9.7875,
796554,0.2107,-0.2298,9.8067,
796604,0.2298,-0.1532,9.8450,
796655,0.2298,-0.2107,9.7492,
796706,0.1915,-0.2298,9.7683,
796754,0.2490,-0.1532,9.8258,
796805,0.2107,-0.2107,9.8258,
796855,0.2298,-0.1915,9.7875,
796907,0.2298,-0.1532,9.8258,
796954,0.2107,-0.2298,9.7683,
797007,0.2107,-0.1724,9.7875,
797054,0.2107,-0.2298,9.7683,
797106,0.2490,-0.1724,9.7875,
797155,0.1532,-0.1341,9.8450,
797205,0.1149,-0.2682,9.8258,
797255,0.2490,-0.1915,9.7875,
797305,0.2107,-0.2107,9.7875,
797355,0.1724,-0.1724,9.8258,
797404,0.1915,-0.1915,9.7109,
797454,0.1915,-0.1532,9.8258,
797505,0.1724,-0.1724,9.8450,
797554,0.2107,-0.1149,9.7875,
797605,0.1724,-0.2107,9.7492,
797656,0.1724,-0.1341,9.7875,
797705,0.1532,-0.1341,9.7875,
797754,0.1724,-0.1724,9.8067,
797804,0.1532,-0.1724,9.7875,
797855,0.1532,-0.1724,9.7875,
797905,0.1341,-0.1724,9.8258,
797955,0.1724,-0.1532,9.8258,
798005,0.0575,-0.1341,9.8067,
798055,0.0575,-0.1915,9.8258,
798106,0.1341,-0.1724,9.8450,
798155,0.1149,-0.2107,9.8258,
798205,0.0766,-0.1341,9.8258,
798255,0.0958,-0.1341,9.7300,
798306,0.0766,-0.1149,9.7875,
798355,0.1149,-0.1532,9.7875,
798404,0.1341,-0.1149,9.7875,
798454,0.0575,-0.1915,9.7492,
798506,0.0575,-0.1341,9.7683,
798554,0.0575,-0.1532,9.8067,
798605,0.0958,-0.1724,9.7683,
798655,0.0958,-0.1532,9.8067,
798706,0.0383,-0.1532,9.8258,
798754,0.1149,-0.1341,9.7683,
798804,0.0383,-0.1532,9.7683,
798855,0.0766,-0.1532,9.8641,
798906,0.0958,-0.1915,9.7683,
798954,0.0766,-0.1724,9.8258,
799005,0.0575,-0.1341,9.8258,
799055,0.0575,-0.1915,9.8067,
799106,0.0192,-0.1915,9.8450,
799155,0.1149,-0.1724,9.7875,
799205,0.0766,-0.1341,9.8067,
799255,0.0766,-0.2107,9.7492,
799306,0.1149,-0.0766,9.7683,
799355,0.1149,-0.1532,9.8067,
799405,0.1149,-0.1532,9.8450,
799455,0.1149,-0.1341,9.7109,
799506,0.1341,-0.1341,9.8833,
799554,0.1149,-0.1341,9.7492,
799605,0.0575,-0.1724,9.8641,
799655,0.1724,-0.1341,9.7492,
799706,0.1532,-0.1149,9.8067,
799754,0.1341,-0.1149,9.8450,
799804,0.1149,-0.1532,9.8641,
799855,0.1915,-0.0958,9.7300,
799906,0.1532,-0.1915,9.8258,
799955,0.2490,-0.1149,9.8258,
800005,0.2107,-0.1341,9.7300,
800055,0.2298,-0.1149,9.8258,
800106,0.2107,-0.1149,9.8258,
800155,0.2107,-0.1532,9.8067,
800205,0.2298,-0.1341,9.8258,
800255,0.2490,-0.1532,9.7683,
800306,0.2298,-0.1341,9.7875,
800355,0.2490,-0.1724,9.7109,
800405,0.2490,-0.1724,9.8067,
800455,0.3256,-0.1149,9.5960,
800506,0.1532,-0.2298,9.8833,
800554,0.2873,-0.0766,9.7492,
800605,0.2682,-0.1532,9.7492,
800655,0.2490,-0.1532,9.8067,
800706,0.2107,-0.1341,9.7875,
800754,0.2682,-0.1149,9.7683,
800804,0.2107,-0.1532,9.8067,
800855,0.2490,-0.1149,9.8450,
800905,0.2490,-0.1724,9.7492,
800955,0.2490,-0.1532,9.7875,
801005,0.2298,-0.1532,9.8067,
801055,0.2298,-0.1341,9.7875,
801106,0.2298,-0.1724,9.8067,
801155,0.2490,-0.1341,9.8067,
801205,0.2298,-0.1532,9.8067,
801255,0.2682,-0.1724,9.7492,
801306,0.2298,-0.1341,9.8450,
801355,0.2298,-0.1915,9.7109,
801405,0.2682,-0.1724,9.6917,
801455,0.3256,-0.0958,9.6534,
801505,0.1724,-0.2298,9.8833,
801554,0.1915,-0.1149,9.8641,
801605,0.2682,-0.1724,9.7875,
801655,0.2298,-0.1532,9.8067,
801704,0.2298,-0.1341,9.7683,
801756,0.2298,-0.1341,9.7492,
801804,0.2298,-0.1724,9.8258,
801855,0.2682,-0.0958,9.8450,
801905,0.2682,-0.1149,9.7492,
801955,0.2298,-0.1341,9.8067,
802005,0.2298,-0.1532,9.8067,
802055,0.2490,-0.1341,9.8067,
802106,0.2298,-0.1341,9.7875,
802154,0.2490,-0.1341,9.8258,
802205,0.2298,-0.1532,9.7683,
802255,0.2490,-0.1532,9.7875,
802306,0.2298,-0.1915,9.7300,
802355,0.2490,-0.1724,9.7492,
802405,0.3256,-0.1341,9.6534,
802455,0.1532,-0.2298,9.8641,
802505,0.2298,-0.1149,9.8641,
802555,0.2682,-0.1724,9.7683,
802605,0.2107,-0.1149,9.9024,
802655,0.2298,-0.1149,9.7875,
802706,0.2298,-0.1149,9.7683,
802758,0.1915,-0.1532,9.8450,
802805,0.2682,-0.0958,9.8258,
802855,0.2298,-0.1341,9.7683,
802906,0.2107,-0.1341,9.7875,
802955,0.2107,-0.1341,9.8067,
803005,0.2107,-0.1341,9.8067,
803055,0.1915,-0.1341,9.8258,
803106,0.1915,-0.1341,9.7492,
803155,0.1915,-0.1149,9.8258,
803205,0.1724,-0.1532,9.7683,
803255,0.1915,-0.1149,9.8450,
803306,0.1724,-0.1341,9.7109,
803355,0.0958,-0.1149,9.8067,
803405,0.1915,-0.1149,9.8833,
803455,0.1532,-0.1724,9.7875,
803506,0.1341,-0.1341,9.8258,
803555,0.0958,-0.1724,9.8833,
803605,0.1149,-0.0958,9.7109,
803655,0.0575,-0.1724,9.8450,
803706,0.1341,-0.0958,9.8258,
803754,0.0958,-0.1532,9.7683,
803804,0.0575,-0.1341,9.8067,
803855,0.0958,-0.0958,9.7492,
803905,0.0383,-0.1341,9.8067,
803955,0.0575,-0.1341,9.7875,
804005,0.0383,-0.1341,9.7683,
804055,0.0766,-0.1149,9.7300,
804106,0.0958,-0.1149,9.8833,
804155,0.0192,-0.1149,9.7492,
804205,-0.0575,-0.1532,9.8450,
804255,0.0575,-0.1341,9.7875,
804306,0.0192,-0.1532,9.7875,
804355,0.0383,-0.1341,9.8067,
804405,-0.0192,-0.1532,9.8258,
804455,0.0192,-0.1149,9.7492,
804506,0.0000,-0.1724,9.7875,
804555,0.0192,-0.1532,9.8258,
804605,-0.0192,-0.1724,9.7683,
804655,0.0000,-0.0958,9.7683,
804706,0.0000,-0.1341,9.7683,
804755,0.0000,-0.1341,9.8258,
804805,0.0192,-0.1532,9.8258,
804855,0.0192,-0.1341,9.8450,
804904,-0.0383,-0.1532,9.7109,
804955,-0.0383,-0.1341,9.8450,
805005,0.0192,-0.1532,9.8450,
805055,0.0000,-0.1724,9.8450,
805106,-0.0192,-0.0958,9.8067,
805155,-0.0383,-0.1724,9.8641,
805205,0.0575,-0.1532,9.6534,
805256,0.0000,-0.1724,9.7875,
805304,0.0383,-0.1341,9.7683,
805355,0.0192,-0.2107,9.7492,
805405,0.0575,-0.1341,9.7492,
805455,0.0383,-0.0958,9.8067,
805506,0.0000,-0.1341,9.8450,
805555,0.0383,-0.1341,9.7875,
805605,0.0575,-0.1532,9.7875,
805655,0.0766,-0.1532,9.7109,
805705,0.0000,-0.1532,9.8258,
805756,0.0958,-0.1341,9.7683,
805805,0.0766,-0.1149,9.8067,
805855,0.0575,-0.0766,9.8258,
805905,0.0192,-0.0958,9.7492,
805956,0.0958,-0.0383,9.7875,
806005,0.0575,-0.1341,9.8258,
806055,0.1341,-0.0383,9.7875,
806105,0.0575,-0.1149,9.7683,
806156,0.0766,-0.1149,9.7683,
806205,0.0575,-0.0766,9.7492,
806255,0.0958,-0.1341,9.8258,
806305,0.0575,-0.1149,9.8067,
806356,0.0575,-0.0958,9.7683,
806405,0.0575,-0.1341,9.8067,
806455,0.0766,-0.0766,9.9216,
806504,0.1532,-0.0766,9.5960,
806555,0.0000,-0.1915,9.8450,
806605,0.1532,-0.0192,9.7300,
806655,0.1532,-0.1341,9.7875,
806706,0.1149,-0.0575,9.8641,
806754,0.0958,-0.0383,9.7683,
806805,0.1532,-0.0575,9.7875,
806855,0.1341,-0.1149,9.8067,
806905,0.1341,-0.0766,9.8450,
806956,0.1532,-0.1149,9.7683,
807005,0.1341,-0.1149,9.7875,
807055,0.1724,-0.0958,9.7875,
807106,0.1724,-0.1149,9.7875,
807156,0.1724,-0.1149,9.8067,
807205,0.1724,-0.1341,9.7875,
807255,0.2107,-0.1149,9.8067,
807306,0.1915,-0.1341,9.7683,
807356,0.1915,-0.1149,9.8067,
807405,0.1915,-0.1915,9.7300,
807455,0.1915,-0.1724,9.8067,
807505,0.2873,-0.1149,9.5960,
807555,0.0958,-0.2298,9.8641,
807605,0.1341,-0.1341,9.9024,
807655,0.2298,-0.1532,9.7683,
807706,0.1915,-0.1341,9.8258,
807756,0.1724,-0.1149,9.7875,
807805,0.2107,-0.0958,9.7492,
807855,0.1724,-0.1724,9.8067,
807906,0.2107,-0.1149,9.8450,
807955,0.2107,-0.1724,9.7492,
808005,0.1915,-0.1532,9.8067,
808054,0.1915,-0.1341,9.8067,
808106,0.2107,-0.1341,9.7875,
808156,0.1915,-0.1341,9.7875,
808205,0.2107,-0.1341,9.8067,
808255,0.1915,-0.1149,9.8067,
808306,0.1915,-0.1149,9.8641,
808356,0.2107,-0.1724,9.7492,
808405,0.2490,-0.0958,9.9982,
808455,0.2107,-0.2107,9.7109,
808506,0.1532,-0.1532,9.8641,
808554,0.2107,-0.0766,9.8258,
808605,0.2873,-0.1341,9.7492,
808655,0.1915,-0.1149,9.8258,
808706,0.2107,-0.1149,9.8258,
808756,0.2107,-0.1341,9.7875,
808805,0.2107,-0.1341,9.7683,
808854,0.2298,-0.1341,9.8258,
808906,0.2107,-0.1341,9.7683,
808956,0.2107,-0.1532,9.7683,
809005,0.2107,-0.1149,9.8067,
809055,0.2298,-0.1341,9.8067,
809106,0.2298,-0.1532,9.7875,
809156,0.0575,-0.1724,9.8833,
809205,0.0000,-0.1149,9.9216,
809255,0.6129,0.1149,9.6151,
809306,0.2873,0.1341,9.7109,
809356,0.3256,-0.0575,9.8833,
809405,0.2873,0.0958,9.7683,
809455,0.2298,-0.0192,9.8833,
809506,0.3256,0.1341,9.8067,
809555,0.4022,-0.0192,9.7683,
809605,0.3065,-0.0192,9.8450,
809655,0.2873,-0.0575,9.7683,
809706,0.4788,0.0575,9.6917,
809755,0.2298,0.0000,9.8833,
809804,0.3831,-0.0192,9.8450,
809855,0.2107,-0.0766,9.8067,
809905,0.2298,-0.0192,9.7683,
809956,0.2873,-0.0192,9.8067,
810005,0.3065,-0.0766,9.8258,
810055,0.2873,-0.0766,9.7875,
810106,0.2298,-0.0192,9.7875,
810156,0.3256,0.0575,9.7300,
810204,0.2298,-0.0575,9.8641,
810255,0.2873,-0.0958,9.6726,
810306,0.1915,0.1341,9.7492,
810356,0.1532,0.0192,9.9216,
810405,0.2873,0.0766,9.7300,
810455,0.2298,0.0766,9.7683,
810506,0.1915,0.0192,9.7875,
810555,0.1149,-0.0575,9.8258,
810605,0.1149,0.0000,9.8258,
810655,0.1532,0.0383,9.8258,
810706,0.2298,-0.0383,9.8258,
810755,0.1724,-0.1149,9.7300,
810805,0.0958,-0.0575,9.8450,
810855,0.1915,-0.0766,9.8067,
810905,0.1532,-0.0575,9.8067,
810954,0.1532,-0.0766,9.7492,
811005,0.1724,-0.0766,9.7683,
811055,0.1915,-0.0766,9.6917,
811106,0.0958,-0.0958,9.8258,
811156,0.1149,-0.1149,9.8833,
811205,0.1532,-0.0766,9.7875,
811255,0.1532,-0.1532,9.7875,
811305,0.1341,-0.0575,9.8067,
811356,0.0766,-0.0958,9.7683,
811405,0.1149,-0.1341,9.8450,
811455,0.1149,-0.0766,9.8450,
811506,0.1532,-0.0766,9.7875,
811555,0.1532,-0.1149,9.7683,
811605,0.1149,-0.0766,9.8258,
811655,0.1149,-0.0958,9.8258,
811706,0.1149,-0.1149,9.7300,
811756,0.1532,-0.1149,9.8833,
811805,0.2107,-0.1149,9.6726,
811855,0.0958,0.0192,9.7875,
811906,0.1149,-0.1532,9.8833,
811956,0.1341,-0.1532,9.7875,
812005,0.1532,-0.1341,9.7875,
812055,0.0575,-0.1341,9.8641,
812106,0.1532,-0.1341,9.7300,
812156,0.0766,-0.1915,9.8450,
812205,0.1341,-0.1341,9.8641,
812255,0.1149,-0.1149,9.7875,
812305,0.0958,-0.1532,9.8258,
812356,0.0766,-0.1149,9.8450,
812405,0.1341,-0.1532,9.8258,
812454,0.1149,-0.0958,9.8067,
812506,0.1149,-0.1149,9.8641,
812555,0.1724,-0.2107,9.7109,
812605,0.0575,-0.0958,9.8258,
812655,0.0958,-0.0958,9.8833,
812706,0.1341,-0.0958,9.8258,
812755,0.1149,-0.1532,9.7875,
812805,0.0958,-0.0958,9.8641,
812855,0.0958,-0.1532,9.7300,
812905,-0.0192,-0.1915,9.8641,
812956,0.0575,-0.1915,9.8258,
813005,0.0192,-0.1532,9.8450,
813055,0.0766,-0.1724,9.7875,
813105,-0.0575,-0.1149,9.8258,
813155,0.1915,-0.1341,9.8067,
813205,-0.0766,-0.4022,9.8450,
813255,0.4597,-0.3448,9.5768,
813306,0.2490,-0.2298,9.8450,
813356,0.1915,-0.3065,9.7109,
813405,0.0383,-0.4405,9.9024,
813455,0.1341,-0.2490,9.7109,
813506,-0.1149,-0.3448,9.8833,
813555,0.0000,-0.4405,9.7300,
813605,-0.0766,-0.4214,9.7683,
813655,0.0000,-0.4214,9.8067,
813705,-0.0192,-0.5555,9.8641,
813756,-0.0575,-0.6512,9.8067,
813805,0.0383,-0.5746,9.6343,
813855,-0.0383,-0.4214,9.7875,
813905,-0.0192,-0.2107,10.0748,
813956,-0.0383,-0.1149,9.5193,
814005,-0.1532,-0.2682,9.7492,
814055,-0.3448,-0.2107,10.1131,
814106,0.7087,0.6895,9.6343,
814154,0.3256,0.7087,9.7109,
814205,-0.1915,-1.4940,10.1706,
814255,0.0575,0.0575,10.1323,
814305,0.0766,-0.1341,9.7109,
814356,0.3831,-0.1341,9.5768,
814405,-0.4788,-0.6321,10.6303,
814455,-0.0192,0.1341,9.8067,
814505,-0.2298,-0.3256,9.8641,
814556,0.0766,-0.0766,9.6343,
814604,-0.1532,-0.2873,9.7492,
814655,-0.1724,0.1724,9.3470,
814705,-0.8619,-0.3639,10.0940,
814756,-0.8045,0.6895,9.6726,
814805,0.1532,-0.7661,9.5002,
814855,-0.3256,-0.1915,10.6303,
814905,-0.2682,0.0575,9.7300,
814956,0.8619,-0.5171,11.0516,
815005,1.3024,-0.9577,11.5688,
815055,2.7964,-1.3408,11.1666,
815105,5.7844,-2.0494,9.5577,
815156,5.4396,-3.6009,9.0597,
815205,7.7189,-5.0374,5.8802,
815254,9.0597,-4.2904,6.8378,
815306,8.8490,-4.2138,3.2561,
815356,9.8641,-2.7007,4.4819,
815405,8.6574,-1.5514,2.7390,
815453,8.1211,-1.0151,-0.0766,
815503,7.7381,-0.7661,-0.4980,
815555,6.2824,1.2450,-1.3599,
815605,5.8227,0.7853,-3.4860,
815655,6.8187,-1.0534,-4.0797,
815705,7.7381,-1.9537,-4.5777,
815755,8.0445,-1.9920,-7.1251,
815804,9.0597,-2.6432,-5.2098,
815855,8.3510,-2.1835,-4.2713,
815905,8.0254,-0.9194,-2.8922,
815956,9.5385,-1.8196,-4.0989,
816005,8.5042,-0.0383,-3.7733,
816055,9.4427,-0.3256,-4.1180,
816104,9.7109,0.5555,-3.6392,
816156,8.8873,0.6704,-4.6543,
816205,8.7724,0.9194,-3.9265,
816255,7.7189,1.1301,-4.2904,
816305,7.3167,1.7430,-6.4931,
816353,9.2512,7.4124,-4.5011,
816403,5.5737,5.1523,-5.9951,
816453,5.9568,4.9416,-5.7844,
816503,6.4548,4.8267,-6.5314,
816554,7.2975,3.9265,-4.2521,
816603,7.3550,3.8690,-4.9608,
816654,7.5274,3.1220,-5.1523,
816705,7.1251,2.8730,-5.0949,
816755,6.9911,3.1795,-5.8802,
816805,6.6846,3.5817,-6.5122,
816855,6.7612,3.3519,-5.5929,
816905,6.5697,3.6200,-6.2441,
816954,6.6080,3.6009,-5.8035,
817004,6.2824,3.7733,-5.9759,
817054,5.9951,3.9265,-7.1635,
817105,6.1292,4.5394,-7.3933,
